
C:\Users\jasmine\AppData\Local\arduino\sketches\CF570C35A46FBD68A71D2E8A45D91987/SSRU_v4.0.ino.elf:     file format elf32-avr


Disassembly of section .text:

00000000 <__vectors>:
__vectors():
       0:	0c 94 62 02 	jmp	0x4c4	; 0x4c4 <__ctors_end>
       4:	0c 94 8a 02 	jmp	0x514	; 0x514 <__bad_interrupt>
       8:	0c 94 8a 02 	jmp	0x514	; 0x514 <__bad_interrupt>
       c:	0c 94 8a 02 	jmp	0x514	; 0x514 <__bad_interrupt>
      10:	0c 94 8a 02 	jmp	0x514	; 0x514 <__bad_interrupt>
      14:	0c 94 8a 02 	jmp	0x514	; 0x514 <__bad_interrupt>
      18:	0c 94 8a 02 	jmp	0x514	; 0x514 <__bad_interrupt>
      1c:	0c 94 8a 02 	jmp	0x514	; 0x514 <__bad_interrupt>
      20:	0c 94 8a 02 	jmp	0x514	; 0x514 <__bad_interrupt>
      24:	0c 94 8a 02 	jmp	0x514	; 0x514 <__bad_interrupt>
      28:	0c 94 8a 02 	jmp	0x514	; 0x514 <__bad_interrupt>
      2c:	0c 94 8a 02 	jmp	0x514	; 0x514 <__bad_interrupt>
      30:	0c 94 8a 02 	jmp	0x514	; 0x514 <__bad_interrupt>
      34:	0c 94 8a 02 	jmp	0x514	; 0x514 <__bad_interrupt>
      38:	0c 94 8a 02 	jmp	0x514	; 0x514 <__bad_interrupt>
      3c:	0c 94 8a 02 	jmp	0x514	; 0x514 <__bad_interrupt>
      40:	0c 94 70 07 	jmp	0xee0	; 0xee0 <__vector_16>
      44:	0c 94 8a 02 	jmp	0x514	; 0x514 <__bad_interrupt>
      48:	0c 94 8a 02 	jmp	0x514	; 0x514 <__bad_interrupt>
      4c:	0c 94 8a 02 	jmp	0x514	; 0x514 <__bad_interrupt>
      50:	0c 94 8a 02 	jmp	0x514	; 0x514 <__bad_interrupt>
      54:	0c 94 8a 02 	jmp	0x514	; 0x514 <__bad_interrupt>
      58:	0c 94 8a 02 	jmp	0x514	; 0x514 <__bad_interrupt>
      5c:	0c 94 8a 02 	jmp	0x514	; 0x514 <__bad_interrupt>
      60:	0c 94 ba 07 	jmp	0xf74	; 0xf74 <__vector_24>
      64:	0c 94 8a 02 	jmp	0x514	; 0x514 <__bad_interrupt>

00000068 <__trampolines_end>:
__trampolines_start():
      68:	c9 c9       	rjmp	.-3182   	; 0xfffff3fc <__eeprom_end+0xff7ef3fc>
      6a:	c9 c9       	rjmp	.-3182   	; 0xfffff3fe <__eeprom_end+0xff7ef3fe>
      6c:	c9 c9       	rjmp	.-3182   	; 0xfffff400 <__eeprom_end+0xff7ef400>
      6e:	c9 c9       	rjmp	.-3182   	; 0xfffff402 <__eeprom_end+0xff7ef402>
      70:	c9 c9       	rjmp	.-3182   	; 0xfffff404 <__eeprom_end+0xff7ef404>
      72:	c9 c9       	rjmp	.-3182   	; 0xfffff406 <__eeprom_end+0xff7ef406>
      74:	ca cb       	rjmp	.-2156   	; 0xfffff80a <__eeprom_end+0xff7ef80a>
      76:	cc cd       	rjmp	.-1128   	; 0xfffffc10 <__eeprom_end+0xff7efc10>
      78:	ce cf       	rjmp	.-100    	; 0x16 <__FUSE_REGION_LENGTH__+0x13>
      7a:	cf d0       	rcall	.+414    	; 0x21a <__trampolines_end+0x1b2>
      7c:	d1 d2       	rcall	.+1442   	; 0x620 <TwoWire::read()+0x1a>
      7e:	d2 d3       	rcall	.+1956   	; 0x824 <twi_transmit+0x1e>
      80:	d4 d4       	rcall	.+2472   	; 0xa2a <MCP2515::startSPI() [clone .constprop.26]+0x10>
      82:	d5 d5       	rcall	.+2986   	; 0xc2e <MCP2515::sendMessage(can_frame const*) [clone .constprop.7]+0x80>
      84:	d6 d6       	rcall	.+3500   	; 0xe32 <MPU6050::readAccel()>
      86:	d7 d7       	rcall	.+4014   	; 0x1036 <__vector_24+0xc2>
      88:	d8 d8       	rcall	.-3664   	; 0xfffff23a <__eeprom_end+0xff7ef23a>
      8a:	d9 d9       	rcall	.-3150   	; 0xfffff43e <__eeprom_end+0xff7ef43e>
      8c:	da da       	rcall	.-2636   	; 0xfffff642 <__eeprom_end+0xff7ef642>
      8e:	db db       	rcall	.-2122   	; 0xfffff846 <__eeprom_end+0xff7ef846>
      90:	dc dc       	rcall	.-1608   	; 0xfffffa4a <__eeprom_end+0xff7efa4a>
      92:	dc dd       	rcall	.-1096   	; 0xfffffc4c <__eeprom_end+0xff7efc4c>
      94:	dd dd       	rcall	.-1094   	; 0xfffffc50 <__eeprom_end+0xff7efc50>
      96:	de de       	rcall	.-580    	; 0xfffffe54 <__eeprom_end+0xff7efe54>
      98:	df df       	rcall	.-66     	; 0x58 <__SREG__+0x19>
      9a:	df e0       	ldi	r29, 0x0F	; 15
      9c:	e0 e0       	ldi	r30, 0x00	; 0
      9e:	e1 e1       	ldi	r30, 0x11	; 17
      a0:	e1 e2       	ldi	r30, 0x21	; 33
      a2:	e2 e2       	ldi	r30, 0x22	; 34
      a4:	e2 e3       	ldi	r30, 0x32	; 50
      a6:	e3 e3       	ldi	r30, 0x33	; 51
      a8:	e4 e4       	ldi	r30, 0x44	; 68
      aa:	e4 e4       	ldi	r30, 0x44	; 68
      ac:	e5 e5       	ldi	r30, 0x55	; 85
      ae:	e5 e5       	ldi	r30, 0x55	; 85
      b0:	e6 e6       	ldi	r30, 0x66	; 102
      b2:	e6 e6       	ldi	r30, 0x66	; 102
      b4:	e7 e7       	ldi	r30, 0x77	; 119
      b6:	e7 e7       	ldi	r30, 0x77	; 119
      b8:	e8 e8       	ldi	r30, 0x88	; 136
      ba:	e8 e8       	ldi	r30, 0x88	; 136
      bc:	e9 e9       	ldi	r30, 0x99	; 153
      be:	e9 e9       	ldi	r30, 0x99	; 153
      c0:	e9 ea       	ldi	r30, 0xA9	; 169
      c2:	ea ea       	ldi	r30, 0xAA	; 170
      c4:	ea eb       	ldi	r30, 0xBA	; 186
      c6:	eb eb       	ldi	r30, 0xBB	; 187
      c8:	eb eb       	ldi	r30, 0xBB	; 187
      ca:	ec ec       	ldi	r30, 0xCC	; 204
      cc:	ec ec       	ldi	r30, 0xCC	; 204
      ce:	ec ed       	ldi	r30, 0xDC	; 220
      d0:	ed ed       	ldi	r30, 0xDD	; 221
      d2:	ed ed       	ldi	r30, 0xDD	; 221
      d4:	ee ee       	ldi	r30, 0xEE	; 238
      d6:	ee ee       	ldi	r30, 0xEE	; 238
      d8:	ee ee       	ldi	r30, 0xEE	; 238
      da:	ef ef       	ldi	r30, 0xFF	; 255
      dc:	ef ef       	ldi	r30, 0xFF	; 255
      de:	ef f0       	brie	.+58     	; 0x11a <__trampolines_end+0xb2>
      e0:	f0 f0       	brcs	.+60     	; 0x11e <__trampolines_end+0xb6>
      e2:	f0 f0       	brcs	.+60     	; 0x120 <__trampolines_end+0xb8>
      e4:	f0 f1       	brcs	.+124    	; 0x162 <__trampolines_end+0xfa>
      e6:	f1 f1       	breq	.+124    	; 0x164 <__trampolines_end+0xfc>
      e8:	f1 f1       	breq	.+124    	; 0x166 <__trampolines_end+0xfe>
      ea:	f1 f2       	breq	.-68     	; 0xa8 <__trampolines_end+0x40>
      ec:	f2 f2       	brmi	.-68     	; 0xaa <__trampolines_end+0x42>
      ee:	f2 f2       	brmi	.-68     	; 0xac <__trampolines_end+0x44>
      f0:	f2 f2       	brmi	.-68     	; 0xae <__trampolines_end+0x46>
      f2:	f3 f3       	brvs	.-4      	; 0xf0 <__trampolines_end+0x88>
      f4:	f3 f3       	brvs	.-4      	; 0xf2 <__trampolines_end+0x8a>
      f6:	f3 f3       	brvs	.-4      	; 0xf4 <__trampolines_end+0x8c>
      f8:	f4 f4       	brge	.+60     	; 0x136 <__trampolines_end+0xce>
      fa:	f4 f4       	brge	.+60     	; 0x138 <__trampolines_end+0xd0>
      fc:	f4 f4       	brge	.+60     	; 0x13a <__trampolines_end+0xd2>
      fe:	f4 f5       	brge	.+124    	; 0x17c <__trampolines_end+0x114>
     100:	f5 f5       	brhc	.+124    	; 0x17e <__trampolines_end+0x116>
     102:	f5 f5       	brhc	.+124    	; 0x180 <__trampolines_end+0x118>
     104:	f5 f5       	brhc	.+124    	; 0x182 <__trampolines_end+0x11a>
     106:	f6 f6       	brtc	.-68     	; 0xc4 <__trampolines_end+0x5c>
     108:	f6 f6       	brtc	.-68     	; 0xc6 <__trampolines_end+0x5e>
     10a:	f6 f6       	brtc	.-68     	; 0xc8 <__trampolines_end+0x60>
     10c:	f6 f7       	brtc	.-4      	; 0x10a <__trampolines_end+0xa2>
     10e:	f7 f7       	brid	.-4      	; 0x10c <__trampolines_end+0xa4>
     110:	f7 f7       	brid	.-4      	; 0x10e <__trampolines_end+0xa6>
     112:	f7 f7       	brid	.-4      	; 0x110 <__trampolines_end+0xa8>
     114:	f8 f8       	.word	0xf8f8	; ????
     116:	f8 f8       	.word	0xf8f8	; ????
     118:	f8 f8       	.word	0xf8f8	; ????
     11a:	f8 f8       	.word	0xf8f8	; ????
     11c:	f9 f9       	.word	0xf9f9	; ????
     11e:	f9 f9       	.word	0xf9f9	; ????
     120:	f9 f9       	.word	0xf9f9	; ????
     122:	f9 fa       	.word	0xfaf9	; ????
     124:	fa fa       	.word	0xfafa	; ????
     126:	fa fa       	.word	0xfafa	; ????
     128:	fa fa       	.word	0xfafa	; ????
     12a:	fa fb       	.word	0xfbfa	; ????
     12c:	fb fb       	.word	0xfbfb	; ????
     12e:	fb fb       	.word	0xfbfb	; ????
     130:	fb fb       	.word	0xfbfb	; ????
     132:	fb fc       	.word	0xfcfb	; ????
     134:	fc fc       	.word	0xfcfc	; ????
     136:	fc fc       	.word	0xfcfc	; ????
     138:	fc fc       	.word	0xfcfc	; ????
     13a:	fc fc       	.word	0xfcfc	; ????
     13c:	fd fd       	.word	0xfdfd	; ????
     13e:	fd fd       	.word	0xfdfd	; ????
     140:	fd fd       	.word	0xfdfd	; ????
     142:	fd fd       	.word	0xfdfd	; ????
     144:	fe fe       	.word	0xfefe	; ????
     146:	fe fe       	.word	0xfefe	; ????
     148:	fe fe       	.word	0xfefe	; ????
     14a:	fe fe       	.word	0xfefe	; ????
     14c:	fe ff       	.word	0xfffe	; ????
     14e:	ff ff       	.word	0xffff	; ????
     150:	ff ff       	.word	0xffff	; ????
     152:	ff ff       	.word	0xffff	; ????
     154:	ff ff       	.word	0xffff	; ????
	...
     15e:	00 01       	movw	r0, r0
     160:	01 01       	movw	r0, r2
     162:	01 01       	movw	r0, r2
     164:	01 01       	movw	r0, r2
     166:	01 01       	movw	r0, r2
     168:	01 02       	muls	r16, r17
     16a:	02 02       	muls	r16, r18
     16c:	02 02       	muls	r16, r18
     16e:	02 02       	muls	r16, r18
     170:	02 02       	muls	r16, r18
     172:	03 03       	mulsu	r16, r19
     174:	03 03       	mulsu	r16, r19
     176:	03 03       	mulsu	r16, r19
     178:	03 03       	mulsu	r16, r19
     17a:	03 03       	mulsu	r16, r19
     17c:	04 04       	cpc	r0, r4
     17e:	04 04       	cpc	r0, r4
     180:	04 04       	cpc	r0, r4
     182:	04 04       	cpc	r0, r4
     184:	04 04       	cpc	r0, r4
     186:	05 05       	cpc	r16, r5
     188:	05 05       	cpc	r16, r5
     18a:	05 05       	cpc	r16, r5
     18c:	05 05       	cpc	r16, r5
     18e:	05 05       	cpc	r16, r5
     190:	06 06       	cpc	r0, r22
     192:	06 06       	cpc	r0, r22
     194:	06 06       	cpc	r0, r22
     196:	06 06       	cpc	r0, r22
     198:	06 06       	cpc	r0, r22
     19a:	07 07       	cpc	r16, r23
     19c:	07 07       	cpc	r16, r23
     19e:	07 07       	cpc	r16, r23
     1a0:	07 07       	cpc	r16, r23
     1a2:	07 07       	cpc	r16, r23
     1a4:	08 08       	sbc	r0, r8
     1a6:	08 08       	sbc	r0, r8
     1a8:	08 08       	sbc	r0, r8
     1aa:	08 08       	sbc	r0, r8
     1ac:	08 08       	sbc	r0, r8
     1ae:	08 09       	sbc	r16, r8
     1b0:	09 09       	sbc	r16, r9
     1b2:	09 09       	sbc	r16, r9
     1b4:	09 09       	sbc	r16, r9
     1b6:	09 09       	sbc	r16, r9
     1b8:	09 09       	sbc	r16, r9
     1ba:	0a 0a       	sbc	r0, r26
     1bc:	0a 0a       	sbc	r0, r26
     1be:	0a 0a       	sbc	r0, r26
     1c0:	0a 0a       	sbc	r0, r26
     1c2:	0a 0a       	sbc	r0, r26
     1c4:	0a 0b       	sbc	r16, r26
     1c6:	0b 0b       	sbc	r16, r27
     1c8:	0b 0b       	sbc	r16, r27
     1ca:	0b 0b       	sbc	r16, r27
     1cc:	0b 0b       	sbc	r16, r27
     1ce:	0b 0c       	add	r0, r11
     1d0:	0c 0c       	add	r0, r12
     1d2:	0c 0c       	add	r0, r12
     1d4:	0c 0c       	add	r0, r12
     1d6:	0c 0c       	add	r0, r12
     1d8:	0c 0c       	add	r0, r12
     1da:	0d 0d       	add	r16, r13
     1dc:	0d 0d       	add	r16, r13
     1de:	0d 0d       	add	r16, r13
     1e0:	0d 0d       	add	r16, r13
     1e2:	0d 0d       	add	r16, r13
     1e4:	0d 0e       	add	r0, r29
     1e6:	0e 0e       	add	r0, r30
     1e8:	0e 0e       	add	r0, r30
     1ea:	0e 0e       	add	r0, r30
     1ec:	0e 0e       	add	r0, r30
     1ee:	0e 0e       	add	r0, r30
     1f0:	0f 0f       	add	r16, r31
     1f2:	0f 0f       	add	r16, r31
     1f4:	0f 0f       	add	r16, r31
     1f6:	0f 0f       	add	r16, r31
     1f8:	0f 0f       	add	r16, r31
     1fa:	0f 10       	cpse	r0, r15
     1fc:	10 10       	cpse	r1, r0
     1fe:	10 10       	cpse	r1, r0
     200:	10 10       	cpse	r1, r0
     202:	10 10       	cpse	r1, r0
     204:	10 10       	cpse	r1, r0
     206:	10 11       	cpse	r17, r0
     208:	11 11       	cpse	r17, r1
     20a:	11 11       	cpse	r17, r1
     20c:	11 11       	cpse	r17, r1
     20e:	11 11       	cpse	r17, r1
     210:	11 11       	cpse	r17, r1
     212:	12 12       	cpse	r1, r18
     214:	12 12       	cpse	r1, r18
     216:	12 12       	cpse	r1, r18
     218:	12 12       	cpse	r1, r18
     21a:	12 12       	cpse	r1, r18
     21c:	12 13       	cpse	r17, r18
     21e:	13 13       	cpse	r17, r19
     220:	13 13       	cpse	r17, r19
     222:	13 13       	cpse	r17, r19
     224:	13 13       	cpse	r17, r19
     226:	13 13       	cpse	r17, r19
     228:	14 14       	cp	r1, r4
     22a:	14 14       	cp	r1, r4
     22c:	14 14       	cp	r1, r4
     22e:	14 14       	cp	r1, r4
     230:	14 14       	cp	r1, r4
     232:	14 14       	cp	r1, r4
     234:	15 15       	cp	r17, r5
     236:	15 15       	cp	r17, r5
     238:	15 15       	cp	r17, r5
     23a:	15 15       	cp	r17, r5
     23c:	15 15       	cp	r17, r5
     23e:	15 16       	cp	r1, r21
     240:	16 16       	cp	r1, r22
     242:	16 16       	cp	r1, r22
     244:	16 16       	cp	r1, r22
     246:	16 16       	cp	r1, r22
     248:	16 16       	cp	r1, r22
     24a:	17 17       	cp	r17, r23
     24c:	17 17       	cp	r17, r23
     24e:	17 17       	cp	r17, r23
     250:	17 17       	cp	r17, r23
     252:	17 17       	cp	r17, r23
     254:	17 17       	cp	r17, r23
     256:	18 18       	sub	r1, r8
     258:	18 18       	sub	r1, r8
     25a:	18 18       	sub	r1, r8
     25c:	18 18       	sub	r1, r8
     25e:	18 18       	sub	r1, r8
     260:	18 19       	sub	r17, r8
     262:	19 19       	sub	r17, r9
     264:	19 19       	sub	r17, r9
     266:	19 19       	sub	r17, r9
     268:	19 19       	sub	r17, r9
     26a:	19 19       	sub	r17, r9
     26c:	1a 1a       	sub	r1, r26
     26e:	1a 1a       	sub	r1, r26
     270:	1a 1a       	sub	r1, r26
     272:	1a 1a       	sub	r1, r26
     274:	1a 1a       	sub	r1, r26
     276:	1a 1b       	sub	r17, r26
     278:	1b 1b       	sub	r17, r27
     27a:	1b 1b       	sub	r17, r27
     27c:	1b 1b       	sub	r17, r27
     27e:	1b 1b       	sub	r17, r27
     280:	1b 1b       	sub	r17, r27
     282:	1c 1c       	adc	r1, r12
     284:	1c 1c       	adc	r1, r12
     286:	1c 1c       	adc	r1, r12
     288:	1c 1c       	adc	r1, r12
     28a:	1c 1c       	adc	r1, r12
     28c:	1c 1d       	adc	r17, r12
     28e:	1d 1d       	adc	r17, r13
     290:	1d 1d       	adc	r17, r13
     292:	1d 1d       	adc	r17, r13
     294:	1d 1d       	adc	r17, r13
     296:	1d 1d       	adc	r17, r13
     298:	1e 1e       	adc	r1, r30
     29a:	1e 1e       	adc	r1, r30
     29c:	1e 1e       	adc	r1, r30
     29e:	1e 1e       	adc	r1, r30
     2a0:	1e 1e       	adc	r1, r30
     2a2:	1e 1f       	adc	r17, r30
     2a4:	1f 1f       	adc	r17, r31
     2a6:	1f 1f       	adc	r17, r31
     2a8:	1f 1f       	adc	r17, r31
     2aa:	1f 1f       	adc	r17, r31
     2ac:	1f 1f       	adc	r17, r31
     2ae:	20 20       	and	r2, r0
     2b0:	20 20       	and	r2, r0
     2b2:	20 20       	and	r2, r0
     2b4:	20 20       	and	r2, r0
     2b6:	20 20       	and	r2, r0
     2b8:	21 21       	and	r18, r1
     2ba:	21 21       	and	r18, r1
     2bc:	21 21       	and	r18, r1
     2be:	21 21       	and	r18, r1
     2c0:	21 21       	and	r18, r1
     2c2:	21 22       	and	r2, r17
     2c4:	22 22       	and	r2, r18
     2c6:	22 22       	and	r2, r18
     2c8:	22 22       	and	r2, r18
     2ca:	22 22       	and	r2, r18
     2cc:	22 23       	and	r18, r18
     2ce:	23 23       	and	r18, r19
     2d0:	23 23       	and	r18, r19
     2d2:	23 23       	and	r18, r19
     2d4:	23 23       	and	r18, r19
     2d6:	23 24       	eor	r2, r3
     2d8:	24 24       	eor	r2, r4
     2da:	24 24       	eor	r2, r4
     2dc:	24 24       	eor	r2, r4
     2de:	24 24       	eor	r2, r4
     2e0:	24 25       	eor	r18, r4
     2e2:	25 25       	eor	r18, r5
     2e4:	25 25       	eor	r18, r5
     2e6:	25 25       	eor	r18, r5
     2e8:	25 25       	eor	r18, r5
     2ea:	25 26       	eor	r2, r21
     2ec:	26 26       	eor	r2, r22
     2ee:	26 26       	eor	r2, r22
     2f0:	26 26       	eor	r2, r22
     2f2:	26 26       	eor	r2, r22
     2f4:	26 27       	eor	r18, r22
     2f6:	27 27       	eor	r18, r23
     2f8:	27 27       	eor	r18, r23
     2fa:	27 27       	eor	r18, r23
     2fc:	27 27       	eor	r18, r23
     2fe:	27 28       	or	r2, r7
     300:	28 28       	or	r2, r8
     302:	28 28       	or	r2, r8
     304:	28 28       	or	r2, r8
     306:	28 28       	or	r2, r8
     308:	29 29       	or	r18, r9
     30a:	29 29       	or	r18, r9
     30c:	29 29       	or	r18, r9
     30e:	29 29       	or	r18, r9
     310:	29 2a       	or	r2, r25
     312:	2a 2a       	or	r2, r26
     314:	2a 2a       	or	r2, r26
     316:	2a 2a       	or	r2, r26
     318:	2a 2a       	or	r2, r26
     31a:	2a 2b       	or	r18, r26
     31c:	2b 2b       	or	r18, r27
     31e:	2b 2b       	or	r18, r27
     320:	2b 2b       	or	r18, r27
     322:	2b 2b       	or	r18, r27
     324:	2c 2c       	mov	r2, r12
     326:	2c 2c       	mov	r2, r12
     328:	2c 2c       	mov	r2, r12
     32a:	2c 2c       	mov	r2, r12
     32c:	2d 2d       	mov	r18, r13
     32e:	2d 2d       	mov	r18, r13
     330:	2d 2d       	mov	r18, r13
     332:	2d 2d       	mov	r18, r13
     334:	2d 2e       	mov	r2, r29
     336:	2e 2e       	mov	r2, r30
     338:	2e 2e       	mov	r2, r30
     33a:	2e 2e       	mov	r2, r30
     33c:	2e 2f       	mov	r18, r30
     33e:	2f 2f       	mov	r18, r31
     340:	2f 2f       	mov	r18, r31
     342:	2f 2f       	mov	r18, r31
     344:	2f 2f       	mov	r18, r31
     346:	30 30       	cpi	r19, 0x00	; 0
     348:	30 30       	cpi	r19, 0x00	; 0
     34a:	30 30       	cpi	r19, 0x00	; 0
     34c:	30 30       	cpi	r19, 0x00	; 0
     34e:	31 31       	cpi	r19, 0x11	; 17
     350:	31 31       	cpi	r19, 0x11	; 17
     352:	31 31       	cpi	r19, 0x11	; 17
     354:	31 32       	cpi	r19, 0x21	; 33
     356:	32 32       	cpi	r19, 0x22	; 34
     358:	32 32       	cpi	r19, 0x22	; 34
     35a:	32 32       	cpi	r19, 0x22	; 34
     35c:	32 33       	cpi	r19, 0x32	; 50
     35e:	33 33       	cpi	r19, 0x33	; 51
     360:	33 33       	cpi	r19, 0x33	; 51
     362:	33 33       	cpi	r19, 0x33	; 51
     364:	33 34       	cpi	r19, 0x43	; 67
     366:	34 34       	cpi	r19, 0x44	; 68
     368:	34 34       	cpi	r19, 0x44	; 68
     36a:	34 34       	cpi	r19, 0x44	; 68
     36c:	35 35       	cpi	r19, 0x55	; 85
     36e:	35 35       	cpi	r19, 0x55	; 85
     370:	35 35       	cpi	r19, 0x55	; 85
     372:	35 35       	cpi	r19, 0x55	; 85
     374:	36 36       	cpi	r19, 0x66	; 102
     376:	36 36       	cpi	r19, 0x66	; 102
     378:	36 36       	cpi	r19, 0x66	; 102
     37a:	36 37       	cpi	r19, 0x76	; 118
     37c:	37 37       	cpi	r19, 0x77	; 119
     37e:	37 37       	cpi	r19, 0x77	; 119
     380:	37 38       	cpi	r19, 0x87	; 135
     382:	38 38       	cpi	r19, 0x88	; 136
     384:	38 38       	cpi	r19, 0x88	; 136
     386:	38 38       	cpi	r19, 0x88	; 136
     388:	39 39       	cpi	r19, 0x99	; 153
     38a:	39 39       	cpi	r19, 0x99	; 153
     38c:	39 39       	cpi	r19, 0x99	; 153
     38e:	39 3a       	cpi	r19, 0xA9	; 169
     390:	3a 3a       	cpi	r19, 0xAA	; 170
     392:	3a 3a       	cpi	r19, 0xAA	; 170
     394:	3a 3b       	cpi	r19, 0xBA	; 186
     396:	3b 3b       	cpi	r19, 0xBB	; 187
     398:	3b 3b       	cpi	r19, 0xBB	; 187
     39a:	3b 3c       	cpi	r19, 0xCB	; 203
     39c:	3c 3c       	cpi	r19, 0xCC	; 204
     39e:	3c 3c       	cpi	r19, 0xCC	; 204
     3a0:	3c 3d       	cpi	r19, 0xDC	; 220
     3a2:	3d 3d       	cpi	r19, 0xDD	; 221
     3a4:	3d 3d       	cpi	r19, 0xDD	; 221
     3a6:	3d 3e       	cpi	r19, 0xED	; 237
     3a8:	3e 3e       	cpi	r19, 0xEE	; 238
     3aa:	3e 3e       	cpi	r19, 0xEE	; 238
     3ac:	3e 3f       	cpi	r19, 0xFE	; 254
     3ae:	3f 3f       	cpi	r19, 0xFF	; 255
     3b0:	3f 3f       	cpi	r19, 0xFF	; 255
     3b2:	40 40       	sbci	r20, 0x00	; 0
     3b4:	40 40       	sbci	r20, 0x00	; 0
     3b6:	40 41       	sbci	r20, 0x10	; 16
     3b8:	41 41       	sbci	r20, 0x11	; 17
     3ba:	41 41       	sbci	r20, 0x11	; 17
     3bc:	41 42       	sbci	r20, 0x21	; 33
     3be:	42 42       	sbci	r20, 0x22	; 34
     3c0:	42 42       	sbci	r20, 0x22	; 34
     3c2:	43 43       	sbci	r20, 0x33	; 51
     3c4:	43 43       	sbci	r20, 0x33	; 51
     3c6:	43 44       	sbci	r20, 0x43	; 67
     3c8:	44 44       	sbci	r20, 0x44	; 68
     3ca:	44 44       	sbci	r20, 0x44	; 68
     3cc:	45 45       	sbci	r20, 0x55	; 85
     3ce:	45 45       	sbci	r20, 0x55	; 85
     3d0:	46 46       	sbci	r20, 0x66	; 102
     3d2:	46 46       	sbci	r20, 0x66	; 102
     3d4:	46 47       	sbci	r20, 0x76	; 118
     3d6:	47 47       	sbci	r20, 0x77	; 119
     3d8:	47 48       	sbci	r20, 0x87	; 135
     3da:	48 48       	sbci	r20, 0x88	; 136
     3dc:	48 49       	sbci	r20, 0x98	; 152
     3de:	49 49       	sbci	r20, 0x99	; 153
     3e0:	49 4a       	sbci	r20, 0xA9	; 169
     3e2:	4a 4a       	sbci	r20, 0xAA	; 170
     3e4:	4a 4b       	sbci	r20, 0xBA	; 186
     3e6:	4b 4b       	sbci	r20, 0xBB	; 187
     3e8:	4b 4c       	sbci	r20, 0xCB	; 203
     3ea:	4c 4c       	sbci	r20, 0xCC	; 204
     3ec:	4c 4d       	sbci	r20, 0xDC	; 220
     3ee:	4d 4d       	sbci	r20, 0xDD	; 221
     3f0:	4d 4e       	sbci	r20, 0xED	; 237
     3f2:	4e 4e       	sbci	r20, 0xEE	; 238
     3f4:	4f 4f       	sbci	r20, 0xFF	; 255
     3f6:	4f 4f       	sbci	r20, 0xFF	; 255
     3f8:	50 50       	subi	r21, 0x00	; 0
     3fa:	50 51       	subi	r21, 0x10	; 16
     3fc:	51 51       	subi	r21, 0x11	; 17
     3fe:	52 52       	subi	r21, 0x22	; 34
     400:	52 53       	subi	r21, 0x32	; 50
     402:	53 53       	subi	r21, 0x33	; 51
     404:	54 54       	subi	r21, 0x44	; 68
     406:	54 55       	subi	r21, 0x54	; 84
     408:	55 55       	subi	r21, 0x55	; 85
     40a:	56 56       	subi	r21, 0x66	; 102
     40c:	56 57       	subi	r21, 0x76	; 118
     40e:	57 58       	subi	r21, 0x87	; 135
     410:	58 58       	subi	r21, 0x88	; 136
     412:	59 59       	subi	r21, 0x99	; 153
     414:	59 5a       	subi	r21, 0xA9	; 169
     416:	5a 5b       	subi	r21, 0xBA	; 186
     418:	5b 5c       	subi	r21, 0xCB	; 203
     41a:	5c 5c       	subi	r21, 0xCC	; 204
     41c:	5d 5d       	subi	r21, 0xDD	; 221
     41e:	5e 5e       	subi	r21, 0xEE	; 238
     420:	5f 5f       	subi	r21, 0xFF	; 255
     422:	60 60       	ori	r22, 0x00	; 0
     424:	61 61       	ori	r22, 0x11	; 17
     426:	62 62       	ori	r22, 0x22	; 34
     428:	63 63       	ori	r22, 0x33	; 51
     42a:	64 65       	ori	r22, 0x54	; 84
     42c:	65 66       	ori	r22, 0x65	; 101
     42e:	66 67       	ori	r22, 0x76	; 118
     430:	68 68       	ori	r22, 0x88	; 136
     432:	69 6a       	ori	r22, 0xA9	; 169
     434:	6a 6b       	ori	r22, 0xBA	; 186
     436:	6c 6d       	ori	r22, 0xDC	; 220
     438:	6d 6e       	ori	r22, 0xED	; 237
     43a:	6f 70       	andi	r22, 0x0F	; 15
     43c:	71 71       	andi	r23, 0x11	; 17
     43e:	72 73       	andi	r23, 0x32	; 50
     440:	74 75       	andi	r23, 0x54	; 84
     442:	76 77       	andi	r23, 0x76	; 118
     444:	78 79       	andi	r23, 0x98	; 152
     446:	7a 7b       	andi	r23, 0xBA	; 186
     448:	7c 7d       	andi	r23, 0xDC	; 220
     44a:	7d 7d       	andi	r23, 0xDD	; 221
     44c:	7d 7d       	andi	r23, 0xDD	; 221
     44e:	7d 7d       	andi	r23, 0xDD	; 221
     450:	7d 7d       	andi	r23, 0xDD	; 221
     452:	7d 7d       	andi	r23, 0xDD	; 221
     454:	7d 7d       	andi	r23, 0xDD	; 221
     456:	7d 7d       	andi	r23, 0xDD	; 221
     458:	7d 7d       	andi	r23, 0xDD	; 221
     45a:	7d 7d       	andi	r23, 0xDD	; 221
     45c:	7d 7d       	andi	r23, 0xDD	; 221
     45e:	7d 7d       	andi	r23, 0xDD	; 221
     460:	7d 7d       	andi	r23, 0xDD	; 221
     462:	7d 7d       	andi	r23, 0xDD	; 221
     464:	7d 7d       	andi	r23, 0xDD	; 221
     466:	7d 00       	.word	0x007d	; ????

00000468 <digital_pin_to_timer_PGM>:
     468:	00 00 00 09 00 03 02 00 00 04 05 08 00 00 00 00     ................
     478:	00 00 00 00 00 00 00                                .......

0000047f <port_to_output_PGM>:
     47f:	00 00 00 00 25 00 28 00 2b 00                       ....%.(.+.

00000489 <port_to_mode_PGM>:
     489:	00 00 00 00 24 00 27 00 2a 00                       ....$.'.*.

00000493 <digital_pin_to_port_PGM>:
     493:	04 04 04 04 04 04 04 04 02 02 02 02 02 02 03 03     ................
     4a3:	03 03 03 03 02 02 03                                .......

000004aa <digital_pin_to_bit_mask_PGM>:
     4aa:	01 02 04 08 10 20 40 80 01 02 04 08 10 20 01 02     ..... @...... ..
     4ba:	04 08 10 20 40 80 40 00                             ... @.@.

000004c2 <__ctors_start>:
__ctors_start():
     4c2:	e5 08       	sbc	r14, r5

000004c4 <__ctors_end>:
__dtors_end():
     4c4:	11 24       	eor	r1, r1
     4c6:	1f be       	out	0x3f, r1	; 63
     4c8:	cf ef       	ldi	r28, 0xFF	; 255
     4ca:	d8 e0       	ldi	r29, 0x08	; 8
     4cc:	de bf       	out	0x3e, r29	; 62
     4ce:	cd bf       	out	0x3d, r28	; 61

000004d0 <__do_copy_data>:
__do_copy_data():
/home/jenkins-mingw32/workspace/avr-gcc-staging/label/Ubuntu14.04x64-mingw32/gcc-build/avr/avr5/libgcc/../../../../gcc/libgcc/config/avr/lib1funcs.S:2409
     4d0:	11 e0       	ldi	r17, 0x01	; 1
/home/jenkins-mingw32/workspace/avr-gcc-staging/label/Ubuntu14.04x64-mingw32/gcc-build/avr/avr5/libgcc/../../../../gcc/libgcc/config/avr/lib1funcs.S:2410
     4d2:	a0 e0       	ldi	r26, 0x00	; 0
/home/jenkins-mingw32/workspace/avr-gcc-staging/label/Ubuntu14.04x64-mingw32/gcc-build/avr/avr5/libgcc/../../../../gcc/libgcc/config/avr/lib1funcs.S:2411
     4d4:	b1 e0       	ldi	r27, 0x01	; 1
/home/jenkins-mingw32/workspace/avr-gcc-staging/label/Ubuntu14.04x64-mingw32/gcc-build/avr/avr5/libgcc/../../../../gcc/libgcc/config/avr/lib1funcs.S:2412
     4d6:	e4 e3       	ldi	r30, 0x34	; 52
/home/jenkins-mingw32/workspace/avr-gcc-staging/label/Ubuntu14.04x64-mingw32/gcc-build/avr/avr5/libgcc/../../../../gcc/libgcc/config/avr/lib1funcs.S:2413
     4d8:	f8 e1       	ldi	r31, 0x18	; 24
/home/jenkins-mingw32/workspace/avr-gcc-staging/label/Ubuntu14.04x64-mingw32/gcc-build/avr/avr5/libgcc/../../../../gcc/libgcc/config/avr/lib1funcs.S:2414
     4da:	02 c0       	rjmp	.+4      	; 0x4e0 <__do_copy_data+0x10>
/home/jenkins-mingw32/workspace/avr-gcc-staging/label/Ubuntu14.04x64-mingw32/gcc-build/avr/avr5/libgcc/../../../../gcc/libgcc/config/avr/lib1funcs.S:2417
     4dc:	05 90       	lpm	r0, Z+
/home/jenkins-mingw32/workspace/avr-gcc-staging/label/Ubuntu14.04x64-mingw32/gcc-build/avr/avr5/libgcc/../../../../gcc/libgcc/config/avr/lib1funcs.S:2422
     4de:	0d 92       	st	X+, r0
/home/jenkins-mingw32/workspace/avr-gcc-staging/label/Ubuntu14.04x64-mingw32/gcc-build/avr/avr5/libgcc/../../../../gcc/libgcc/config/avr/lib1funcs.S:2424
     4e0:	ae 32       	cpi	r26, 0x2E	; 46
/home/jenkins-mingw32/workspace/avr-gcc-staging/label/Ubuntu14.04x64-mingw32/gcc-build/avr/avr5/libgcc/../../../../gcc/libgcc/config/avr/lib1funcs.S:2425
     4e2:	b1 07       	cpc	r27, r17
/home/jenkins-mingw32/workspace/avr-gcc-staging/label/Ubuntu14.04x64-mingw32/gcc-build/avr/avr5/libgcc/../../../../gcc/libgcc/config/avr/lib1funcs.S:2426
     4e4:	d9 f7       	brne	.-10     	; 0x4dc <__do_copy_data+0xc>

000004e6 <__do_clear_bss>:
__do_clear_bss():
/home/jenkins-mingw32/workspace/avr-gcc-staging/label/Ubuntu14.04x64-mingw32/gcc-build/avr/avr5/libgcc/../../../../gcc/libgcc/config/avr/lib1funcs.S:2441
     4e6:	22 e0       	ldi	r18, 0x02	; 2
/home/jenkins-mingw32/workspace/avr-gcc-staging/label/Ubuntu14.04x64-mingw32/gcc-build/avr/avr5/libgcc/../../../../gcc/libgcc/config/avr/lib1funcs.S:2442
     4e8:	ae e2       	ldi	r26, 0x2E	; 46
/home/jenkins-mingw32/workspace/avr-gcc-staging/label/Ubuntu14.04x64-mingw32/gcc-build/avr/avr5/libgcc/../../../../gcc/libgcc/config/avr/lib1funcs.S:2443
     4ea:	b1 e0       	ldi	r27, 0x01	; 1
/home/jenkins-mingw32/workspace/avr-gcc-staging/label/Ubuntu14.04x64-mingw32/gcc-build/avr/avr5/libgcc/../../../../gcc/libgcc/config/avr/lib1funcs.S:2444
     4ec:	01 c0       	rjmp	.+2      	; 0x4f0 <.do_clear_bss_start>

000004ee <.do_clear_bss_loop>:
/home/jenkins-mingw32/workspace/avr-gcc-staging/label/Ubuntu14.04x64-mingw32/gcc-build/avr/avr5/libgcc/../../../../gcc/libgcc/config/avr/lib1funcs.S:2446
     4ee:	1d 92       	st	X+, r1

000004f0 <.do_clear_bss_start>:
/home/jenkins-mingw32/workspace/avr-gcc-staging/label/Ubuntu14.04x64-mingw32/gcc-build/avr/avr5/libgcc/../../../../gcc/libgcc/config/avr/lib1funcs.S:2448
     4f0:	a0 35       	cpi	r26, 0x50	; 80
/home/jenkins-mingw32/workspace/avr-gcc-staging/label/Ubuntu14.04x64-mingw32/gcc-build/avr/avr5/libgcc/../../../../gcc/libgcc/config/avr/lib1funcs.S:2449
     4f2:	b2 07       	cpc	r27, r18
/home/jenkins-mingw32/workspace/avr-gcc-staging/label/Ubuntu14.04x64-mingw32/gcc-build/avr/avr5/libgcc/../../../../gcc/libgcc/config/avr/lib1funcs.S:2450
     4f4:	e1 f7       	brne	.-8      	; 0x4ee <.do_clear_bss_loop>

000004f6 <__do_global_ctors>:
__do_global_ctors():
/home/jenkins-mingw32/workspace/avr-gcc-staging/label/Ubuntu14.04x64-mingw32/gcc-build/avr/avr5/libgcc/../../../../gcc/libgcc/config/avr/lib1funcs.S:2466
     4f6:	12 e0       	ldi	r17, 0x02	; 2
/home/jenkins-mingw32/workspace/avr-gcc-staging/label/Ubuntu14.04x64-mingw32/gcc-build/avr/avr5/libgcc/../../../../gcc/libgcc/config/avr/lib1funcs.S:2467
     4f8:	c2 e6       	ldi	r28, 0x62	; 98
/home/jenkins-mingw32/workspace/avr-gcc-staging/label/Ubuntu14.04x64-mingw32/gcc-build/avr/avr5/libgcc/../../../../gcc/libgcc/config/avr/lib1funcs.S:2468
     4fa:	d2 e0       	ldi	r29, 0x02	; 2
/home/jenkins-mingw32/workspace/avr-gcc-staging/label/Ubuntu14.04x64-mingw32/gcc-build/avr/avr5/libgcc/../../../../gcc/libgcc/config/avr/lib1funcs.S:2472
     4fc:	04 c0       	rjmp	.+8      	; 0x506 <__do_global_ctors+0x10>
/home/jenkins-mingw32/workspace/avr-gcc-staging/label/Ubuntu14.04x64-mingw32/gcc-build/avr/avr5/libgcc/../../../../gcc/libgcc/config/avr/lib1funcs.S:2474
     4fe:	21 97       	sbiw	r28, 0x01	; 1
/home/jenkins-mingw32/workspace/avr-gcc-staging/label/Ubuntu14.04x64-mingw32/gcc-build/avr/avr5/libgcc/../../../../gcc/libgcc/config/avr/lib1funcs.S:2480
     500:	fe 01       	movw	r30, r28
/home/jenkins-mingw32/workspace/avr-gcc-staging/label/Ubuntu14.04x64-mingw32/gcc-build/avr/avr5/libgcc/../../../../gcc/libgcc/config/avr/lib1funcs.S:2481
     502:	0e 94 09 0c 	call	0x1812	; 0x1812 <__tablejump2__>
/home/jenkins-mingw32/workspace/avr-gcc-staging/label/Ubuntu14.04x64-mingw32/gcc-build/avr/avr5/libgcc/../../../../gcc/libgcc/config/avr/lib1funcs.S:2483
     506:	c1 36       	cpi	r28, 0x61	; 97
/home/jenkins-mingw32/workspace/avr-gcc-staging/label/Ubuntu14.04x64-mingw32/gcc-build/avr/avr5/libgcc/../../../../gcc/libgcc/config/avr/lib1funcs.S:2484
     508:	d1 07       	cpc	r29, r17
/home/jenkins-mingw32/workspace/avr-gcc-staging/label/Ubuntu14.04x64-mingw32/gcc-build/avr/avr5/libgcc/../../../../gcc/libgcc/config/avr/lib1funcs.S:2489
     50a:	c9 f7       	brne	.-14     	; 0x4fe <__do_global_ctors+0x8>
     50c:	0e 94 62 09 	call	0x12c4	; 0x12c4 <main>
     510:	0c 94 18 0c 	jmp	0x1830	; 0x1830 <_exit>

00000514 <__bad_interrupt>:
__vector_22():
     514:	0c 94 00 00 	jmp	0	; 0x0 <__vectors>

00000518 <pinMode.constprop.39>:
pinMode.constprop.39():
C:\Users\jasmine\AppData\Local\Arduino15\packages\MiniCore\hardware\avr\3.1.2\cores\MCUdude_corefiles/wiring_digital.c:31
#include "wiring_private.h"
#include "pins_arduino.h"

void pinMode(uint8_t pin, uint8_t mode)
{
  uint8_t bit = digitalPinToBitMask(pin);
     518:	90 e0       	ldi	r25, 0x00	; 0
     51a:	fc 01       	movw	r30, r24
     51c:	e6 55       	subi	r30, 0x56	; 86
     51e:	fb 4f       	sbci	r31, 0xFB	; 251
     520:	24 91       	lpm	r18, Z
C:\Users\jasmine\AppData\Local\Arduino15\packages\MiniCore\hardware\avr\3.1.2\cores\MCUdude_corefiles/wiring_digital.c:32
  uint8_t port = digitalPinToPort(pin);
     522:	8d 56       	subi	r24, 0x6D	; 109
     524:	9b 4f       	sbci	r25, 0xFB	; 251
     526:	fc 01       	movw	r30, r24
     528:	84 91       	lpm	r24, Z
C:\Users\jasmine\AppData\Local\Arduino15\packages\MiniCore\hardware\avr\3.1.2\cores\MCUdude_corefiles/wiring_digital.c:35
  volatile uint8_t *reg, *out;

  if (port == NOT_A_PIN) return;
     52a:	88 23       	and	r24, r24
     52c:	99 f0       	breq	.+38     	; 0x554 <pinMode.constprop.39+0x3c>
C:\Users\jasmine\AppData\Local\Arduino15\packages\MiniCore\hardware\avr\3.1.2\cores\MCUdude_corefiles/wiring_digital.c:38

  // JWS: can I let the optimizer do this?
  reg = portModeRegister(port);
     52e:	90 e0       	ldi	r25, 0x00	; 0
     530:	88 0f       	add	r24, r24
     532:	99 1f       	adc	r25, r25
     534:	fc 01       	movw	r30, r24
     536:	e7 57       	subi	r30, 0x77	; 119
     538:	fb 4f       	sbci	r31, 0xFB	; 251
     53a:	a5 91       	lpm	r26, Z+
     53c:	b4 91       	lpm	r27, Z
C:\Users\jasmine\AppData\Local\Arduino15\packages\MiniCore\hardware\avr\3.1.2\cores\MCUdude_corefiles/wiring_digital.c:39
  out = portOutputRegister(port);
     53e:	fc 01       	movw	r30, r24
     540:	e1 58       	subi	r30, 0x81	; 129
     542:	fb 4f       	sbci	r31, 0xFB	; 251
     544:	85 91       	lpm	r24, Z+
     546:	94 91       	lpm	r25, Z
C:\Users\jasmine\AppData\Local\Arduino15\packages\MiniCore\hardware\avr\3.1.2\cores\MCUdude_corefiles/wiring_digital.c:54
    cli();
    *reg &= ~bit;
    *out |= bit;
    SREG = oldSREG;
  } else {
    uint8_t oldSREG = SREG;
     548:	8f b7       	in	r24, 0x3f	; 63
C:\Users\jasmine\AppData\Local\Arduino15\packages\MiniCore\hardware\avr\3.1.2\cores\MCUdude_corefiles/wiring_digital.c:55
    cli();
     54a:	f8 94       	cli
C:\Users\jasmine\AppData\Local\Arduino15\packages\MiniCore\hardware\avr\3.1.2\cores\MCUdude_corefiles/wiring_digital.c:56
    *reg |= bit;
     54c:	ec 91       	ld	r30, X
     54e:	e2 2b       	or	r30, r18
     550:	ec 93       	st	X, r30
C:\Users\jasmine\AppData\Local\Arduino15\packages\MiniCore\hardware\avr\3.1.2\cores\MCUdude_corefiles/wiring_digital.c:57
    SREG = oldSREG;
     552:	8f bf       	out	0x3f, r24	; 63
C:\Users\jasmine\AppData\Local\Arduino15\packages\MiniCore\hardware\avr\3.1.2\cores\MCUdude_corefiles/wiring_digital.c:59
  }
}
     554:	08 95       	ret

00000556 <TwoWire::endTransmission(unsigned char) [clone .constprop.35]>:
_ZN7TwoWire15endTransmissionEh.constprop.35():
C:\Users\jasmine\AppData\Local\Arduino15\packages\MiniCore\hardware\avr\3.1.2\libraries\Wire\src/Wire.cpp:222
//  the bus tenure has been properly ended with a STOP. It
//  is very possible to leave the bus in a hung state if
//  no call to endTransmission(true) is made. Some I2C
//  devices will behave oddly if they do not see a STOP.
//
uint8_t TwoWire::endTransmission(uint8_t sendStop)
     556:	28 2f       	mov	r18, r24
C:\Users\jasmine\AppData\Local\Arduino15\packages\MiniCore\hardware\avr\3.1.2\libraries\Wire\src/Wire.cpp:225
{
  // transmit buffer (blocking)
  uint8_t ret = twi_writeTo(txAddress, txBuffer, txBufferLength, 1, sendStop);
     558:	90 91 13 02 	lds	r25, 0x0213	; 0x800213 <TwoWire::txBufferLength>
C:\Users\jasmine\AppData\Local\Arduino15\packages\MiniCore\hardware\avr\3.1.2\libraries\Wire\src\utility/twi.c:269
 */
uint8_t twi_writeTo(uint8_t address, uint8_t* data, uint8_t length, uint8_t wait, uint8_t sendStop)
{
  // ensure data will fit into buffer
  if(TWI_BUFFER_SIZE < length){
    return 1;
     55c:	81 e0       	ldi	r24, 0x01	; 1
twi_writeTo():
C:\Users\jasmine\AppData\Local\Arduino15\packages\MiniCore\hardware\avr\3.1.2\libraries\Wire\src\utility/twi.c:268
 *          5 .. timeout
 */
uint8_t twi_writeTo(uint8_t address, uint8_t* data, uint8_t length, uint8_t wait, uint8_t sendStop)
{
  // ensure data will fit into buffer
  if(TWI_BUFFER_SIZE < length){
     55e:	91 32       	cpi	r25, 0x21	; 33
     560:	08 f0       	brcs	.+2      	; 0x564 <TwoWire::endTransmission(unsigned char) [clone .constprop.35]+0xe>
     562:	42 c0       	rjmp	.+132    	; 0x5e8 <TwoWire::endTransmission(unsigned char) [clone .constprop.35]+0x92>
C:\Users\jasmine\AppData\Local\Arduino15\packages\MiniCore\hardware\avr\3.1.2\libraries\Wire\src\utility/twi.c:282
        twi_handleTimeout(twi_do_reset_on_timeout);
        return (5);
      }
    }
  #else
    while(TWI_READY != twi_state){
     564:	80 91 ef 01 	lds	r24, 0x01EF	; 0x8001ef <twi_state>
     568:	81 11       	cpse	r24, r1
     56a:	fc cf       	rjmp	.-8      	; 0x564 <TwoWire::endTransmission(unsigned char) [clone .constprop.35]+0xe>
_ZN7TwoWire15endTransmissionEh.constprop.35():
C:\Users\jasmine\AppData\Local\Arduino15\packages\MiniCore\hardware\avr\3.1.2\libraries\Wire\src/Wire.cpp:225
     56c:	80 91 12 02 	lds	r24, 0x0212	; 0x800212 <TwoWire::txAddress>
twi_writeTo():
C:\Users\jasmine\AppData\Local\Arduino15\packages\MiniCore\hardware\avr\3.1.2\libraries\Wire\src\utility/twi.c:287
      continue;
    }
  #endif

  twi_state = TWI_MTX;
     570:	32 e0       	ldi	r19, 0x02	; 2
     572:	30 93 ef 01 	sts	0x01EF, r19	; 0x8001ef <twi_state>
C:\Users\jasmine\AppData\Local\Arduino15\packages\MiniCore\hardware\avr\3.1.2\libraries\Wire\src\utility/twi.c:288
  twi_sendStop = sendStop;
     576:	20 93 ee 01 	sts	0x01EE, r18	; 0x8001ee <twi_sendStop>
C:\Users\jasmine\AppData\Local\Arduino15\packages\MiniCore\hardware\avr\3.1.2\libraries\Wire\src\utility/twi.c:290
  // reset error state (0xFF.. no error occurred)
  twi_error = 0xFF;
     57a:	2f ef       	ldi	r18, 0xFF	; 255
     57c:	20 93 ed 01 	sts	0x01ED, r18	; 0x8001ed <twi_error>
C:\Users\jasmine\AppData\Local\Arduino15\packages\MiniCore\hardware\avr\3.1.2\libraries\Wire\src\utility/twi.c:293

  // initialize buffer iteration vars
  twi_masterBuffer = data;
     580:	22 ef       	ldi	r18, 0xF2	; 242
     582:	31 e0       	ldi	r19, 0x01	; 1
     584:	30 93 ec 01 	sts	0x01EC, r19	; 0x8001ec <twi_masterBuffer+0x1>
     588:	20 93 eb 01 	sts	0x01EB, r18	; 0x8001eb <twi_masterBuffer>
C:\Users\jasmine\AppData\Local\Arduino15\packages\MiniCore\hardware\avr\3.1.2\libraries\Wire\src\utility/twi.c:294
  twi_masterBufferIndex = 0;
     58c:	10 92 ea 01 	sts	0x01EA, r1	; 0x8001ea <twi_masterBufferIndex>
C:\Users\jasmine\AppData\Local\Arduino15\packages\MiniCore\hardware\avr\3.1.2\libraries\Wire\src\utility/twi.c:295
  twi_masterBufferLength = length;
     590:	90 93 e9 01 	sts	0x01E9, r25	; 0x8001e9 <twi_masterBufferLength>
C:\Users\jasmine\AppData\Local\Arduino15\packages\MiniCore\hardware\avr\3.1.2\libraries\Wire\src\utility/twi.c:298

  // build sla+w, slave device address + w bit
  twi_slarw = TW_WRITE;
     594:	10 92 e8 01 	sts	0x01E8, r1	; 0x8001e8 <twi_slarw>
C:\Users\jasmine\AppData\Local\Arduino15\packages\MiniCore\hardware\avr\3.1.2\libraries\Wire\src\utility/twi.c:299
  twi_slarw |= address << 1;
     598:	90 91 e8 01 	lds	r25, 0x01E8	; 0x8001e8 <twi_slarw>
     59c:	88 0f       	add	r24, r24
     59e:	89 2b       	or	r24, r25
     5a0:	80 93 e8 01 	sts	0x01E8, r24	; 0x8001e8 <twi_slarw>
C:\Users\jasmine\AppData\Local\Arduino15\packages\MiniCore\hardware\avr\3.1.2\libraries\Wire\src\utility/twi.c:304

  // if we're in a repeated start, then we've already sent the START
  // in the ISR. Don't do it again.
  //
  if (true == twi_inRepStart) {
     5a4:	80 91 e7 01 	lds	r24, 0x01E7	; 0x8001e7 <twi_inRepStart>
     5a8:	81 30       	cpi	r24, 0x01	; 1
     5aa:	29 f5       	brne	.+74     	; 0x5f6 <TwoWire::endTransmission(unsigned char) [clone .constprop.35]+0xa0>
C:\Users\jasmine\AppData\Local\Arduino15\packages\MiniCore\hardware\avr\3.1.2\libraries\Wire\src\utility/twi.c:311
    // (@@@ we hope), and the TWI statemachine is just waiting for the address byte.
    // We need to remove ourselves from the repeated start state before we enable interrupts,
    // since the ISR is ASYNC, and we could get confused if we hit the ISR before cleaning
    // up. Also, don't enable the START interrupt. There may be one pending from the 
    // repeated start that we sent ourselves, and that would really confuse things.
    twi_inRepStart = false; // Remember, we're dealing with an ASYNC ISR
     5ac:	10 92 e7 01 	sts	0x01E7, r1	; 0x8001e7 <twi_inRepStart>
C:\Users\jasmine\AppData\Local\Arduino15\packages\MiniCore\hardware\avr\3.1.2\libraries\Wire\src\utility/twi.c:322
          return (5);
        }
      } while(TWCR & _BV(TWWC));
    #else
      do {
        TWDR = twi_slarw;
     5b0:	80 91 e8 01 	lds	r24, 0x01E8	; 0x8001e8 <twi_slarw>
     5b4:	80 93 bb 00 	sts	0x00BB, r24	; 0x8000bb <__DATA_REGION_ORIGIN__+0x5b>
C:\Users\jasmine\AppData\Local\Arduino15\packages\MiniCore\hardware\avr\3.1.2\libraries\Wire\src\utility/twi.c:323
      } while(TWCR & _BV(TWWC));
     5b8:	80 91 bc 00 	lds	r24, 0x00BC	; 0x8000bc <__DATA_REGION_ORIGIN__+0x5c>
     5bc:	83 fd       	sbrc	r24, 3
     5be:	f8 cf       	rjmp	.-16     	; 0x5b0 <TwoWire::endTransmission(unsigned char) [clone .constprop.35]+0x5a>
C:\Users\jasmine\AppData\Local\Arduino15\packages\MiniCore\hardware\avr\3.1.2\libraries\Wire\src\utility/twi.c:325
    #endif
    TWCR = _BV(TWINT) | _BV(TWEA) | _BV(TWEN) | _BV(TWIE);  // enable INTs, but not START
     5c0:	85 ec       	ldi	r24, 0xC5	; 197
C:\Users\jasmine\AppData\Local\Arduino15\packages\MiniCore\hardware\avr\3.1.2\libraries\Wire\src\utility/twi.c:329
  }
  else
    // send start condition
    TWCR = _BV(TWINT) | _BV(TWEA) | _BV(TWEN) | _BV(TWIE) | _BV(TWSTA); // enable INTs
     5c2:	80 93 bc 00 	sts	0x00BC, r24	; 0x8000bc <__DATA_REGION_ORIGIN__+0x5c>
C:\Users\jasmine\AppData\Local\Arduino15\packages\MiniCore\hardware\avr\3.1.2\libraries\Wire\src\utility/twi.c:341
        twi_handleTimeout(twi_do_reset_on_timeout);
        return (5);
      }
    }
  #else
    while(wait && (TWI_MTX == twi_state)){
     5c6:	80 91 ef 01 	lds	r24, 0x01EF	; 0x8001ef <twi_state>
     5ca:	82 30       	cpi	r24, 0x02	; 2
     5cc:	e1 f3       	breq	.-8      	; 0x5c6 <TwoWire::endTransmission(unsigned char) [clone .constprop.35]+0x70>
C:\Users\jasmine\AppData\Local\Arduino15\packages\MiniCore\hardware\avr\3.1.2\libraries\Wire\src\utility/twi.c:346
      continue;
    }
  #endif

  if (twi_error == 0xFF)
     5ce:	80 91 ed 01 	lds	r24, 0x01ED	; 0x8001ed <twi_error>
     5d2:	8f 3f       	cpi	r24, 0xFF	; 255
     5d4:	91 f0       	breq	.+36     	; 0x5fa <TwoWire::endTransmission(unsigned char) [clone .constprop.35]+0xa4>
C:\Users\jasmine\AppData\Local\Arduino15\packages\MiniCore\hardware\avr\3.1.2\libraries\Wire\src\utility/twi.c:348
    return 0; // success
  else if (twi_error == TW_MT_SLA_NACK)
     5d6:	80 91 ed 01 	lds	r24, 0x01ED	; 0x8001ed <twi_error>
     5da:	80 32       	cpi	r24, 0x20	; 32
     5dc:	81 f0       	breq	.+32     	; 0x5fe <TwoWire::endTransmission(unsigned char) [clone .constprop.35]+0xa8>
C:\Users\jasmine\AppData\Local\Arduino15\packages\MiniCore\hardware\avr\3.1.2\libraries\Wire\src\utility/twi.c:350
    return 2; // error: address send, nack received
  else if (twi_error == TW_MT_DATA_NACK)
     5de:	80 91 ed 01 	lds	r24, 0x01ED	; 0x8001ed <twi_error>
     5e2:	80 33       	cpi	r24, 0x30	; 48
     5e4:	71 f0       	breq	.+28     	; 0x602 <TwoWire::endTransmission(unsigned char) [clone .constprop.35]+0xac>
_ZN7TwoWire15endTransmissionEh.constprop.35():
C:\Users\jasmine\AppData\Local\Arduino15\packages\MiniCore\hardware\avr\3.1.2\libraries\Wire\src\utility/twi.c:353
    return 3; // error: data send, nack received
  else
    return 4; // other twi error
     5e6:	84 e0       	ldi	r24, 0x04	; 4
C:\Users\jasmine\AppData\Local\Arduino15\packages\MiniCore\hardware\avr\3.1.2\libraries\Wire\src/Wire.cpp:227
  // reset tx buffer iterator vars
  txBufferIndex = 0;
     5e8:	10 92 f1 01 	sts	0x01F1, r1	; 0x8001f1 <TwoWire::txBufferIndex>
C:\Users\jasmine\AppData\Local\Arduino15\packages\MiniCore\hardware\avr\3.1.2\libraries\Wire\src/Wire.cpp:228
  txBufferLength = 0;
     5ec:	10 92 13 02 	sts	0x0213, r1	; 0x800213 <TwoWire::txBufferLength>
C:\Users\jasmine\AppData\Local\Arduino15\packages\MiniCore\hardware\avr\3.1.2\libraries\Wire\src/Wire.cpp:230
  // indicate that we are done transmitting
  transmitting = 0;
     5f0:	10 92 f0 01 	sts	0x01F0, r1	; 0x8001f0 <TwoWire::transmitting>
C:\Users\jasmine\AppData\Local\Arduino15\packages\MiniCore\hardware\avr\3.1.2\libraries\Wire\src/Wire.cpp:232
  return ret;
}
     5f4:	08 95       	ret
twi_writeTo():
C:\Users\jasmine\AppData\Local\Arduino15\packages\MiniCore\hardware\avr\3.1.2\libraries\Wire\src\utility/twi.c:329
    #endif
    TWCR = _BV(TWINT) | _BV(TWEA) | _BV(TWEN) | _BV(TWIE);  // enable INTs, but not START
  }
  else
    // send start condition
    TWCR = _BV(TWINT) | _BV(TWEA) | _BV(TWEN) | _BV(TWIE) | _BV(TWSTA); // enable INTs
     5f6:	85 ee       	ldi	r24, 0xE5	; 229
     5f8:	e4 cf       	rjmp	.-56     	; 0x5c2 <TwoWire::endTransmission(unsigned char) [clone .constprop.35]+0x6c>
_ZN7TwoWire15endTransmissionEh.constprop.35():
C:\Users\jasmine\AppData\Local\Arduino15\packages\MiniCore\hardware\avr\3.1.2\libraries\Wire\src\utility/twi.c:347
      continue;
    }
  #endif

  if (twi_error == 0xFF)
    return 0; // success
     5fa:	80 e0       	ldi	r24, 0x00	; 0
     5fc:	f5 cf       	rjmp	.-22     	; 0x5e8 <TwoWire::endTransmission(unsigned char) [clone .constprop.35]+0x92>
C:\Users\jasmine\AppData\Local\Arduino15\packages\MiniCore\hardware\avr\3.1.2\libraries\Wire\src\utility/twi.c:349
  else if (twi_error == TW_MT_SLA_NACK)
    return 2; // error: address send, nack received
     5fe:	82 e0       	ldi	r24, 0x02	; 2
     600:	f3 cf       	rjmp	.-26     	; 0x5e8 <TwoWire::endTransmission(unsigned char) [clone .constprop.35]+0x92>
C:\Users\jasmine\AppData\Local\Arduino15\packages\MiniCore\hardware\avr\3.1.2\libraries\Wire\src\utility/twi.c:351
  else if (twi_error == TW_MT_DATA_NACK)
    return 3; // error: data send, nack received
     602:	83 e0       	ldi	r24, 0x03	; 3
     604:	f1 cf       	rjmp	.-30     	; 0x5e8 <TwoWire::endTransmission(unsigned char) [clone .constprop.35]+0x92>

00000606 <TwoWire::read()>:
_ZN7TwoWire4readEv():
C:\Users\jasmine\AppData\Local\Arduino15\packages\MiniCore\hardware\avr\3.1.2\libraries\Wire\src/Wire.cpp:301
int TwoWire::read(void)
{
  int value = -1;

  // get each successive byte on each call
  if(rxBufferIndex < rxBufferLength){
     606:	90 91 e2 01 	lds	r25, 0x01E2	; 0x8001e2 <TwoWire::rxBufferIndex>
     60a:	80 91 e1 01 	lds	r24, 0x01E1	; 0x8001e1 <TwoWire::rxBufferLength>
C:\Users\jasmine\AppData\Local\Arduino15\packages\MiniCore\hardware\avr\3.1.2\libraries\Wire\src/Wire.cpp:298
// must be called in:
// slave rx event callback
// or after requestFrom(address, numBytes)
int TwoWire::read(void)
{
  int value = -1;
     60e:	2f ef       	ldi	r18, 0xFF	; 255
     610:	3f ef       	ldi	r19, 0xFF	; 255
C:\Users\jasmine\AppData\Local\Arduino15\packages\MiniCore\hardware\avr\3.1.2\libraries\Wire\src/Wire.cpp:301

  // get each successive byte on each call
  if(rxBufferIndex < rxBufferLength){
     612:	98 17       	cp	r25, r24
     614:	48 f4       	brcc	.+18     	; 0x628 <TwoWire::read()+0x22>
C:\Users\jasmine\AppData\Local\Arduino15\packages\MiniCore\hardware\avr\3.1.2\libraries\Wire\src/Wire.cpp:302
    value = rxBuffer[rxBufferIndex];
     616:	e9 2f       	mov	r30, r25
     618:	f0 e0       	ldi	r31, 0x00	; 0
     61a:	ef 53       	subi	r30, 0x3F	; 63
     61c:	fe 4f       	sbci	r31, 0xFE	; 254
     61e:	20 81       	ld	r18, Z
     620:	30 e0       	ldi	r19, 0x00	; 0
C:\Users\jasmine\AppData\Local\Arduino15\packages\MiniCore\hardware\avr\3.1.2\libraries\Wire\src/Wire.cpp:303
    ++rxBufferIndex;
     622:	9f 5f       	subi	r25, 0xFF	; 255
     624:	90 93 e2 01 	sts	0x01E2, r25	; 0x8001e2 <TwoWire::rxBufferIndex>
C:\Users\jasmine\AppData\Local\Arduino15\packages\MiniCore\hardware\avr\3.1.2\libraries\Wire\src/Wire.cpp:307
  }

  return value;
}
     628:	c9 01       	movw	r24, r18
     62a:	08 95       	ret

0000062c <TwoWire::read() [clone .constprop.6]>:
_ZN7TwoWire4readEv.constprop.6():
C:\Users\jasmine\AppData\Local\Arduino15\packages\MiniCore\hardware\avr\3.1.2\libraries\Wire\src/Wire.cpp:301
int TwoWire::read(void)
{
  int value = -1;

  // get each successive byte on each call
  if(rxBufferIndex < rxBufferLength){
     62c:	90 91 e2 01 	lds	r25, 0x01E2	; 0x8001e2 <TwoWire::rxBufferIndex>
     630:	80 91 e1 01 	lds	r24, 0x01E1	; 0x8001e1 <TwoWire::rxBufferLength>
C:\Users\jasmine\AppData\Local\Arduino15\packages\MiniCore\hardware\avr\3.1.2\libraries\Wire\src/Wire.cpp:298
// must be called in:
// slave rx event callback
// or after requestFrom(address, numBytes)
int TwoWire::read(void)
{
  int value = -1;
     634:	2f ef       	ldi	r18, 0xFF	; 255
     636:	3f ef       	ldi	r19, 0xFF	; 255
C:\Users\jasmine\AppData\Local\Arduino15\packages\MiniCore\hardware\avr\3.1.2\libraries\Wire\src/Wire.cpp:301

  // get each successive byte on each call
  if(rxBufferIndex < rxBufferLength){
     638:	98 17       	cp	r25, r24
     63a:	48 f4       	brcc	.+18     	; 0x64e <TwoWire::read() [clone .constprop.6]+0x22>
C:\Users\jasmine\AppData\Local\Arduino15\packages\MiniCore\hardware\avr\3.1.2\libraries\Wire\src/Wire.cpp:302
    value = rxBuffer[rxBufferIndex];
     63c:	e9 2f       	mov	r30, r25
     63e:	f0 e0       	ldi	r31, 0x00	; 0
     640:	ef 53       	subi	r30, 0x3F	; 63
     642:	fe 4f       	sbci	r31, 0xFE	; 254
     644:	20 81       	ld	r18, Z
     646:	30 e0       	ldi	r19, 0x00	; 0
C:\Users\jasmine\AppData\Local\Arduino15\packages\MiniCore\hardware\avr\3.1.2\libraries\Wire\src/Wire.cpp:303
    ++rxBufferIndex;
     648:	9f 5f       	subi	r25, 0xFF	; 255
     64a:	90 93 e2 01 	sts	0x01E2, r25	; 0x8001e2 <TwoWire::rxBufferIndex>
C:\Users\jasmine\AppData\Local\Arduino15\packages\MiniCore\hardware\avr\3.1.2\libraries\Wire\src/Wire.cpp:307
  }

  return value;
}
     64e:	c9 01       	movw	r24, r18
     650:	08 95       	ret

00000652 <twi_readFrom.part.0.constprop.5>:
twi_readFrom.part.0.constprop.5():
C:\Users\jasmine\AppData\Local\Arduino15\packages\MiniCore\hardware\avr\3.1.2\libraries\Wire\src\utility/twi.c:160
 *          data: pointer to byte array
 *          length: number of bytes to read into array
 *          sendStop: Boolean indicating whether to send a stop at the end
 * Output   number of bytes read
 */
uint8_t twi_readFrom(uint8_t address, uint8_t* data, uint8_t length, uint8_t sendStop)
     652:	98 2f       	mov	r25, r24
C:\Users\jasmine\AppData\Local\Arduino15\packages\MiniCore\hardware\avr\3.1.2\libraries\Wire\src\utility/twi.c:177
        twi_handleTimeout(twi_do_reset_on_timeout);
        return 0;
      }
    }
  #else
    while(TWI_READY != twi_state){
     654:	80 91 ef 01 	lds	r24, 0x01EF	; 0x8001ef <twi_state>
     658:	81 11       	cpse	r24, r1
     65a:	fc cf       	rjmp	.-8      	; 0x654 <twi_readFrom.part.0.constprop.5+0x2>
C:\Users\jasmine\AppData\Local\Arduino15\packages\MiniCore\hardware\avr\3.1.2\libraries\Wire\src\utility/twi.c:181
      continue;
    }
  #endif
  twi_state = TWI_MRX;
     65c:	81 e0       	ldi	r24, 0x01	; 1
     65e:	80 93 ef 01 	sts	0x01EF, r24	; 0x8001ef <twi_state>
C:\Users\jasmine\AppData\Local\Arduino15\packages\MiniCore\hardware\avr\3.1.2\libraries\Wire\src\utility/twi.c:182
  twi_sendStop = sendStop;
     662:	40 93 ee 01 	sts	0x01EE, r20	; 0x8001ee <twi_sendStop>
C:\Users\jasmine\AppData\Local\Arduino15\packages\MiniCore\hardware\avr\3.1.2\libraries\Wire\src\utility/twi.c:184
  // reset error state (0xFF.. no error occurred)
  twi_error = 0xFF;
     666:	2f ef       	ldi	r18, 0xFF	; 255
     668:	20 93 ed 01 	sts	0x01ED, r18	; 0x8001ed <twi_error>
C:\Users\jasmine\AppData\Local\Arduino15\packages\MiniCore\hardware\avr\3.1.2\libraries\Wire\src\utility/twi.c:187

  // initialize buffer iteration vars
  twi_masterBuffer = data;
     66c:	21 ec       	ldi	r18, 0xC1	; 193
     66e:	31 e0       	ldi	r19, 0x01	; 1
     670:	30 93 ec 01 	sts	0x01EC, r19	; 0x8001ec <twi_masterBuffer+0x1>
     674:	20 93 eb 01 	sts	0x01EB, r18	; 0x8001eb <twi_masterBuffer>
C:\Users\jasmine\AppData\Local\Arduino15\packages\MiniCore\hardware\avr\3.1.2\libraries\Wire\src\utility/twi.c:188
  twi_masterBufferIndex = 0;
     678:	10 92 ea 01 	sts	0x01EA, r1	; 0x8001ea <twi_masterBufferIndex>
C:\Users\jasmine\AppData\Local\Arduino15\packages\MiniCore\hardware\avr\3.1.2\libraries\Wire\src\utility/twi.c:189
  twi_masterBufferLength = length-1;  // This is not intuitive, read on...
     67c:	2f ef       	ldi	r18, 0xFF	; 255
     67e:	26 0f       	add	r18, r22
     680:	20 93 e9 01 	sts	0x01E9, r18	; 0x8001e9 <twi_masterBufferLength>
C:\Users\jasmine\AppData\Local\Arduino15\packages\MiniCore\hardware\avr\3.1.2\libraries\Wire\src\utility/twi.c:197
  // Therefore we must actually set NACK when the _next_ to last byte is
  // received, causing that NACK to be sent in response to receiving the last
  // expected byte of data.

  // build sla+w, slave device address + w bit
  twi_slarw = TW_READ;
     684:	80 93 e8 01 	sts	0x01E8, r24	; 0x8001e8 <twi_slarw>
C:\Users\jasmine\AppData\Local\Arduino15\packages\MiniCore\hardware\avr\3.1.2\libraries\Wire\src\utility/twi.c:198
  twi_slarw |= address << 1;
     688:	80 91 e8 01 	lds	r24, 0x01E8	; 0x8001e8 <twi_slarw>
     68c:	99 0f       	add	r25, r25
     68e:	98 2b       	or	r25, r24
     690:	90 93 e8 01 	sts	0x01E8, r25	; 0x8001e8 <twi_slarw>
C:\Users\jasmine\AppData\Local\Arduino15\packages\MiniCore\hardware\avr\3.1.2\libraries\Wire\src\utility/twi.c:200

  if (true == twi_inRepStart) {
     694:	80 91 e7 01 	lds	r24, 0x01E7	; 0x8001e7 <twi_inRepStart>
     698:	81 30       	cpi	r24, 0x01	; 1
     69a:	c9 f4       	brne	.+50     	; 0x6ce <twi_readFrom.part.0.constprop.5+0x7c>
C:\Users\jasmine\AppData\Local\Arduino15\packages\MiniCore\hardware\avr\3.1.2\libraries\Wire\src\utility/twi.c:207
    // (@@@ we hope), and the TWI statemachine is just waiting for the address byte.
    // We need to remove ourselves from the repeated start state before we enable interrupts,
    // since the ISR is ASYNC, and we could get confused if we hit the ISR before cleaning
    // up. Also, don't enable the START interrupt. There may be one pending from the
    // repeated start that we sent ourselves, and that would really confuse things.
    twi_inRepStart = false; // Remember, we're dealing with an ASYNC ISR
     69c:	10 92 e7 01 	sts	0x01E7, r1	; 0x8001e7 <twi_inRepStart>
C:\Users\jasmine\AppData\Local\Arduino15\packages\MiniCore\hardware\avr\3.1.2\libraries\Wire\src\utility/twi.c:219
          return 0;
        }
      } while(TWCR & _BV(TWWC));
    #else
      do {
        TWDR = twi_slarw;
     6a0:	80 91 e8 01 	lds	r24, 0x01E8	; 0x8001e8 <twi_slarw>
     6a4:	80 93 bb 00 	sts	0x00BB, r24	; 0x8000bb <__DATA_REGION_ORIGIN__+0x5b>
C:\Users\jasmine\AppData\Local\Arduino15\packages\MiniCore\hardware\avr\3.1.2\libraries\Wire\src\utility/twi.c:220
      } while(TWCR & _BV(TWWC));
     6a8:	80 91 bc 00 	lds	r24, 0x00BC	; 0x8000bc <__DATA_REGION_ORIGIN__+0x5c>
     6ac:	83 fd       	sbrc	r24, 3
     6ae:	f8 cf       	rjmp	.-16     	; 0x6a0 <twi_readFrom.part.0.constprop.5+0x4e>
C:\Users\jasmine\AppData\Local\Arduino15\packages\MiniCore\hardware\avr\3.1.2\libraries\Wire\src\utility/twi.c:222
    #endif
    TWCR = _BV(TWINT) | _BV(TWEA) | _BV(TWEN) | _BV(TWIE);  // enable INTs, but not START
     6b0:	85 ec       	ldi	r24, 0xC5	; 197
C:\Users\jasmine\AppData\Local\Arduino15\packages\MiniCore\hardware\avr\3.1.2\libraries\Wire\src\utility/twi.c:226
  }
  else
    // send start condition
    TWCR = _BV(TWEN) | _BV(TWIE) | _BV(TWEA) | _BV(TWINT) | _BV(TWSTA);
     6b2:	80 93 bc 00 	sts	0x00BC, r24	; 0x8000bc <__DATA_REGION_ORIGIN__+0x5c>
C:\Users\jasmine\AppData\Local\Arduino15\packages\MiniCore\hardware\avr\3.1.2\libraries\Wire\src\utility/twi.c:238
        twi_handleTimeout(twi_do_reset_on_timeout);
        return 0;
      }
    }
  #else
    while(TWI_MRX == twi_state){
     6b6:	80 91 ef 01 	lds	r24, 0x01EF	; 0x8001ef <twi_state>
     6ba:	81 30       	cpi	r24, 0x01	; 1
     6bc:	e1 f3       	breq	.-8      	; 0x6b6 <twi_readFrom.part.0.constprop.5+0x64>
C:\Users\jasmine\AppData\Local\Arduino15\packages\MiniCore\hardware\avr\3.1.2\libraries\Wire\src\utility/twi.c:243
      continue;
    }
  #endif

  if (twi_masterBufferIndex < length)
     6be:	80 91 ea 01 	lds	r24, 0x01EA	; 0x8001ea <twi_masterBufferIndex>
     6c2:	86 17       	cp	r24, r22
     6c4:	10 f4       	brcc	.+4      	; 0x6ca <twi_readFrom.part.0.constprop.5+0x78>
C:\Users\jasmine\AppData\Local\Arduino15\packages\MiniCore\hardware\avr\3.1.2\libraries\Wire\src\utility/twi.c:244
    length = twi_masterBufferIndex;
     6c6:	60 91 ea 01 	lds	r22, 0x01EA	; 0x8001ea <twi_masterBufferIndex>
C:\Users\jasmine\AppData\Local\Arduino15\packages\MiniCore\hardware\avr\3.1.2\libraries\Wire\src\utility/twi.c:247

  return length;
}
     6ca:	86 2f       	mov	r24, r22
     6cc:	08 95       	ret
C:\Users\jasmine\AppData\Local\Arduino15\packages\MiniCore\hardware\avr\3.1.2\libraries\Wire\src\utility/twi.c:226
    #endif
    TWCR = _BV(TWINT) | _BV(TWEA) | _BV(TWEN) | _BV(TWIE);  // enable INTs, but not START
  }
  else
    // send start condition
    TWCR = _BV(TWEN) | _BV(TWIE) | _BV(TWEA) | _BV(TWINT) | _BV(TWSTA);
     6ce:	85 ee       	ldi	r24, 0xE5	; 229
     6d0:	f0 cf       	rjmp	.-32     	; 0x6b2 <twi_readFrom.part.0.constprop.5+0x60>

000006d2 <digitalWrite>:
digitalWrite():
C:\Users\jasmine\AppData\Local\Arduino15\packages\MiniCore\hardware\avr\3.1.2\cores\MCUdude_corefiles/wiring_digital.c:189
  }
}

void digitalWrite(uint8_t pin, uint8_t val)
{
  uint8_t timer = digitalPinToTimer(pin);
     6d2:	90 e0       	ldi	r25, 0x00	; 0
     6d4:	fc 01       	movw	r30, r24
     6d6:	e8 59       	subi	r30, 0x98	; 152
     6d8:	fb 4f       	sbci	r31, 0xFB	; 251
     6da:	24 91       	lpm	r18, Z
C:\Users\jasmine\AppData\Local\Arduino15\packages\MiniCore\hardware\avr\3.1.2\cores\MCUdude_corefiles/wiring_digital.c:190
  uint8_t bit = digitalPinToBitMask(pin);
     6dc:	fc 01       	movw	r30, r24
     6de:	e6 55       	subi	r30, 0x56	; 86
     6e0:	fb 4f       	sbci	r31, 0xFB	; 251
     6e2:	34 91       	lpm	r19, Z
C:\Users\jasmine\AppData\Local\Arduino15\packages\MiniCore\hardware\avr\3.1.2\cores\MCUdude_corefiles/wiring_digital.c:191
  uint8_t port = digitalPinToPort(pin);
     6e4:	fc 01       	movw	r30, r24
     6e6:	ed 56       	subi	r30, 0x6D	; 109
     6e8:	fb 4f       	sbci	r31, 0xFB	; 251
     6ea:	e4 91       	lpm	r30, Z
C:\Users\jasmine\AppData\Local\Arduino15\packages\MiniCore\hardware\avr\3.1.2\cores\MCUdude_corefiles/wiring_digital.c:194
  volatile uint8_t *out;

  if (port == NOT_A_PIN) return;
     6ec:	ee 23       	and	r30, r30
     6ee:	c9 f0       	breq	.+50     	; 0x722 <digitalWrite+0x50>
C:\Users\jasmine\AppData\Local\Arduino15\packages\MiniCore\hardware\avr\3.1.2\cores\MCUdude_corefiles/wiring_digital.c:198

  // If the pin that support PWM output, we need to turn it off
  // before doing a digital write.
  if (timer != NOT_ON_TIMER) turnOffPWM(timer);
     6f0:	22 23       	and	r18, r18
     6f2:	39 f0       	breq	.+14     	; 0x702 <digitalWrite+0x30>
turnOffPWM():
C:\Users\jasmine\AppData\Local\Arduino15\packages\MiniCore\hardware\avr\3.1.2\cores\MCUdude_corefiles/wiring_digital.c:77
//
//static inline void turnOffPWM(uint8_t timer) __attribute__ ((always_inline));
//static inline void turnOffPWM(uint8_t timer)
static void turnOffPWM(uint8_t timer)
{
  switch (timer)
     6f4:	24 30       	cpi	r18, 0x04	; 4
     6f6:	01 f1       	breq	.+64     	; 0x738 <digitalWrite+0x66>
     6f8:	a8 f4       	brcc	.+42     	; 0x724 <digitalWrite+0x52>
     6fa:	22 30       	cpi	r18, 0x02	; 2
     6fc:	69 f1       	breq	.+90     	; 0x758 <digitalWrite+0x86>
     6fe:	23 30       	cpi	r18, 0x03	; 3
     700:	79 f1       	breq	.+94     	; 0x760 <digitalWrite+0x8e>
digitalWrite():
C:\Users\jasmine\AppData\Local\Arduino15\packages\MiniCore\hardware\avr\3.1.2\cores\MCUdude_corefiles/wiring_digital.c:200

  // If the pin that support PWM output, we need to turn it off
  // before doing a digital write.
  if (timer != NOT_ON_TIMER) turnOffPWM(timer);

  out = portOutputRegister(port);
     702:	f0 e0       	ldi	r31, 0x00	; 0
     704:	ee 0f       	add	r30, r30
     706:	ff 1f       	adc	r31, r31
     708:	e1 58       	subi	r30, 0x81	; 129
     70a:	fb 4f       	sbci	r31, 0xFB	; 251
     70c:	a5 91       	lpm	r26, Z+
     70e:	b4 91       	lpm	r27, Z
C:\Users\jasmine\AppData\Local\Arduino15\packages\MiniCore\hardware\avr\3.1.2\cores\MCUdude_corefiles/wiring_digital.c:202

  uint8_t oldSREG = SREG;
     710:	8f b7       	in	r24, 0x3f	; 63
C:\Users\jasmine\AppData\Local\Arduino15\packages\MiniCore\hardware\avr\3.1.2\cores\MCUdude_corefiles/wiring_digital.c:203
  cli();
     712:	f8 94       	cli
C:\Users\jasmine\AppData\Local\Arduino15\packages\MiniCore\hardware\avr\3.1.2\cores\MCUdude_corefiles/wiring_digital.c:206

  if (val == LOW) {
    *out &= ~bit;
     714:	ec 91       	ld	r30, X
C:\Users\jasmine\AppData\Local\Arduino15\packages\MiniCore\hardware\avr\3.1.2\cores\MCUdude_corefiles/wiring_digital.c:205
  out = portOutputRegister(port);

  uint8_t oldSREG = SREG;
  cli();

  if (val == LOW) {
     716:	61 11       	cpse	r22, r1
     718:	26 c0       	rjmp	.+76     	; 0x766 <digitalWrite+0x94>
C:\Users\jasmine\AppData\Local\Arduino15\packages\MiniCore\hardware\avr\3.1.2\cores\MCUdude_corefiles/wiring_digital.c:206
    *out &= ~bit;
     71a:	30 95       	com	r19
     71c:	3e 23       	and	r19, r30
C:\Users\jasmine\AppData\Local\Arduino15\packages\MiniCore\hardware\avr\3.1.2\cores\MCUdude_corefiles/wiring_digital.c:208
  } else {
    *out |= bit;
     71e:	3c 93       	st	X, r19
C:\Users\jasmine\AppData\Local\Arduino15\packages\MiniCore\hardware\avr\3.1.2\cores\MCUdude_corefiles/wiring_digital.c:211
  }

  SREG = oldSREG;
     720:	8f bf       	out	0x3f, r24	; 63
C:\Users\jasmine\AppData\Local\Arduino15\packages\MiniCore\hardware\avr\3.1.2\cores\MCUdude_corefiles/wiring_digital.c:212
}
     722:	08 95       	ret
turnOffPWM():
C:\Users\jasmine\AppData\Local\Arduino15\packages\MiniCore\hardware\avr\3.1.2\cores\MCUdude_corefiles/wiring_digital.c:77
//
//static inline void turnOffPWM(uint8_t timer) __attribute__ ((always_inline));
//static inline void turnOffPWM(uint8_t timer)
static void turnOffPWM(uint8_t timer)
{
  switch (timer)
     724:	28 30       	cpi	r18, 0x08	; 8
     726:	71 f0       	breq	.+28     	; 0x744 <digitalWrite+0x72>
     728:	29 30       	cpi	r18, 0x09	; 9
     72a:	91 f0       	breq	.+36     	; 0x750 <digitalWrite+0x7e>
     72c:	25 30       	cpi	r18, 0x05	; 5
     72e:	49 f7       	brne	.-46     	; 0x702 <digitalWrite+0x30>
C:\Users\jasmine\AppData\Local\Arduino15\packages\MiniCore\hardware\avr\3.1.2\cores\MCUdude_corefiles/wiring_digital.c:87
        TCCR1A &= ~_BV(COM1A1);
        break;
    #endif
    #if defined(TCCR1A) && defined(COM1B1)
      case TIMER1B:
        TCCR1A &= ~_BV(COM1B1);
     730:	80 91 80 00 	lds	r24, 0x0080	; 0x800080 <__DATA_REGION_ORIGIN__+0x20>
     734:	8f 7d       	andi	r24, 0xDF	; 223
     736:	03 c0       	rjmp	.+6      	; 0x73e <digitalWrite+0x6c>
C:\Users\jasmine\AppData\Local\Arduino15\packages\MiniCore\hardware\avr\3.1.2\cores\MCUdude_corefiles/wiring_digital.c:82
  switch (timer)
  {
    // Timer1
    #if defined(TCCR1A) && defined(COM1A1)
      case TIMER1A:
        TCCR1A &= ~_BV(COM1A1);
     738:	80 91 80 00 	lds	r24, 0x0080	; 0x800080 <__DATA_REGION_ORIGIN__+0x20>
     73c:	8f 77       	andi	r24, 0x7F	; 127
C:\Users\jasmine\AppData\Local\Arduino15\packages\MiniCore\hardware\avr\3.1.2\cores\MCUdude_corefiles/wiring_digital.c:87
        break;
    #endif
    #if defined(TCCR1A) && defined(COM1B1)
      case TIMER1B:
        TCCR1A &= ~_BV(COM1B1);
     73e:	80 93 80 00 	sts	0x0080, r24	; 0x800080 <__DATA_REGION_ORIGIN__+0x20>
     742:	df cf       	rjmp	.-66     	; 0x702 <digitalWrite+0x30>
C:\Users\jasmine\AppData\Local\Arduino15\packages\MiniCore\hardware\avr\3.1.2\cores\MCUdude_corefiles/wiring_digital.c:104
        TCCR2 &= ~_BV(COM21);
        break;
    #endif
    #if defined(TCCR2A) && defined(COM2A1)
      case TIMER2A:
        TCCR2A &= ~_BV(COM2A1);
     744:	80 91 b0 00 	lds	r24, 0x00B0	; 0x8000b0 <__DATA_REGION_ORIGIN__+0x50>
     748:	8f 77       	andi	r24, 0x7F	; 127
C:\Users\jasmine\AppData\Local\Arduino15\packages\MiniCore\hardware\avr\3.1.2\cores\MCUdude_corefiles/wiring_digital.c:109
        break;
    #endif
    #if defined(TCCR2A) && defined(COM2B1)
      case TIMER2B:
        TCCR2A &= ~_BV(COM2B1);
     74a:	80 93 b0 00 	sts	0x00B0, r24	; 0x8000b0 <__DATA_REGION_ORIGIN__+0x50>
     74e:	d9 cf       	rjmp	.-78     	; 0x702 <digitalWrite+0x30>
     750:	80 91 b0 00 	lds	r24, 0x00B0	; 0x8000b0 <__DATA_REGION_ORIGIN__+0x50>
     754:	8f 7d       	andi	r24, 0xDF	; 223
     756:	f9 cf       	rjmp	.-14     	; 0x74a <digitalWrite+0x78>
C:\Users\jasmine\AppData\Local\Arduino15\packages\MiniCore\hardware\avr\3.1.2\cores\MCUdude_corefiles/wiring_digital.c:176
        TCCR0 &= ~_BV(COM01);
        break;
    #endif
    #if defined(TCCR0A) && defined(COM0A1)
      case TIMER0A:
        TCCR0A &= ~_BV(COM0A1);
     758:	84 b5       	in	r24, 0x24	; 36
     75a:	8f 77       	andi	r24, 0x7F	; 127
C:\Users\jasmine\AppData\Local\Arduino15\packages\MiniCore\hardware\avr\3.1.2\cores\MCUdude_corefiles/wiring_digital.c:181
        break;
    #endif
    #if defined(TCCR0A) && defined(COM0B1)
      case TIMER0B:
        TCCR0A &= ~_BV(COM0B1);
     75c:	84 bd       	out	0x24, r24	; 36
     75e:	d1 cf       	rjmp	.-94     	; 0x702 <digitalWrite+0x30>
     760:	84 b5       	in	r24, 0x24	; 36
     762:	8f 7d       	andi	r24, 0xDF	; 223
     764:	fb cf       	rjmp	.-10     	; 0x75c <digitalWrite+0x8a>
digitalWrite():
C:\Users\jasmine\AppData\Local\Arduino15\packages\MiniCore\hardware\avr\3.1.2\cores\MCUdude_corefiles/wiring_digital.c:208
  cli();

  if (val == LOW) {
    *out &= ~bit;
  } else {
    *out |= bit;
     766:	3e 2b       	or	r19, r30
     768:	da cf       	rjmp	.-76     	; 0x71e <digitalWrite+0x4c>

0000076a <MCP2515::endSPI() [clone .constprop.29]>:
_ZN7MCP25156endSPIEv.constprop.29():
c:\Users\jasmine\Documents\Arduino\libraries\autowp-mcp2515/mcp2515.cpp:37
    SPIn->beginTransaction(SPISettings(SPI_CLOCK, MSBFIRST, SPI_MODE0));
    digitalWrite(SPICS, LOW);
}

void MCP2515::endSPI() {
    digitalWrite(SPICS, HIGH);
     76a:	61 e0       	ldi	r22, 0x01	; 1
     76c:	80 91 21 02 	lds	r24, 0x0221	; 0x800221 <mcp2515>
     770:	0c 94 69 03 	jmp	0x6d2	; 0x6d2 <digitalWrite>

00000774 <analogRead>:
analogRead():
C:\Users\jasmine\AppData\Local\Arduino15\packages\MiniCore\hardware\avr\3.1.2\cores\MCUdude_corefiles/wiring_analog.c:49
int analogRead(uint8_t pin)
{

// Macro located in the pins_arduino.h file
#ifdef analogPinToChannel
  pin = analogPinToChannel(pin);
     774:	88 30       	cpi	r24, 0x08	; 8
     776:	20 f0       	brcs	.+8      	; 0x780 <analogRead+0xc>
     778:	8d 30       	cpi	r24, 0x0D	; 13
     77a:	08 f4       	brcc	.+2      	; 0x77e <analogRead+0xa>
     77c:	8d e0       	ldi	r24, 0x0D	; 13
     77e:	8e 50       	subi	r24, 0x0E	; 14
C:\Users\jasmine\AppData\Local\Arduino15\packages\MiniCore\hardware\avr\3.1.2\cores\MCUdude_corefiles/wiring_analog.c:68
  
  // set the analog reference (high two bits of ADMUX) and select the
  // channel (low 4 bits).  this also sets ADLAR (left-adjust result)
  // to 0 (the default).
#if defined(ADMUX)
  ADMUX = (analog_reference << 6) | (pin & 0x07);
     780:	87 70       	andi	r24, 0x07	; 7
     782:	80 64       	ori	r24, 0x40	; 64
     784:	80 93 7c 00 	sts	0x007C, r24	; 0x80007c <__DATA_REGION_ORIGIN__+0x1c>
C:\Users\jasmine\AppData\Local\Arduino15\packages\MiniCore\hardware\avr\3.1.2\cores\MCUdude_corefiles/wiring_analog.c:76
  // without a delay, we seem to read from the wrong channel
  //delay(1);

#if defined(ADCSRA) && defined(ADC)
  // start the conversion
  ADCSRA |= _BV(ADSC);
     788:	80 91 7a 00 	lds	r24, 0x007A	; 0x80007a <__DATA_REGION_ORIGIN__+0x1a>
     78c:	80 64       	ori	r24, 0x40	; 64
     78e:	80 93 7a 00 	sts	0x007A, r24	; 0x80007a <__DATA_REGION_ORIGIN__+0x1a>
C:\Users\jasmine\AppData\Local\Arduino15\packages\MiniCore\hardware\avr\3.1.2\cores\MCUdude_corefiles/wiring_analog.c:79

  // ADSC is cleared when the conversion finishes
  while (ADCSRA & _BV(ADSC)) {};
     792:	80 91 7a 00 	lds	r24, 0x007A	; 0x80007a <__DATA_REGION_ORIGIN__+0x1a>
     796:	86 fd       	sbrc	r24, 6
     798:	fc cf       	rjmp	.-8      	; 0x792 <analogRead+0x1e>
C:\Users\jasmine\AppData\Local\Arduino15\packages\MiniCore\hardware\avr\3.1.2\cores\MCUdude_corefiles/wiring_analog.c:83

  // ADC macro takes care of reading ADC register.
 	// avr-gcc implements the proper reading order: ADCL is read first.
 	return ADC;
     79a:	80 91 78 00 	lds	r24, 0x0078	; 0x800078 <__DATA_REGION_ORIGIN__+0x18>
     79e:	90 91 79 00 	lds	r25, 0x0079	; 0x800079 <__DATA_REGION_ORIGIN__+0x19>
C:\Users\jasmine\AppData\Local\Arduino15\packages\MiniCore\hardware\avr\3.1.2\cores\MCUdude_corefiles/wiring_analog.c:87
#else
  return 0;
#endif
}
     7a2:	08 95       	ret

000007a4 <micros>:
micros():
C:\Users\jasmine\AppData\Local\Arduino15\packages\MiniCore\hardware\avr\3.1.2\cores\MCUdude_corefiles/wiring.c:237
  unsigned char f; // temporary storage for millis fraction counter
  unsigned char q = 0; // record whether an overflow is flagged
#endif
  // t will be the number where the timer0 counter stopped
  uint8_t t;
  uint8_t oldSREG = SREG;
     7a4:	3f b7       	in	r19, 0x3f	; 63
C:\Users\jasmine\AppData\Local\Arduino15\packages\MiniCore\hardware\avr\3.1.2\cores\MCUdude_corefiles/wiring.c:240

  // Stop all interrupts
  cli();
     7a6:	f8 94       	cli
C:\Users\jasmine\AppData\Local\Arduino15\packages\MiniCore\hardware\avr\3.1.2\cores\MCUdude_corefiles/wiring.c:247
#ifdef CORRECT_EXACT_MICROS
  // combine exact millisec and 8usec counters
  m = timer0_millis;
  f = timer0_fract;
#else
  m = timer0_overflow_count;
     7a8:	80 91 bd 01 	lds	r24, 0x01BD	; 0x8001bd <timer0_overflow_count>
     7ac:	90 91 be 01 	lds	r25, 0x01BE	; 0x8001be <timer0_overflow_count+0x1>
     7b0:	a0 91 bf 01 	lds	r26, 0x01BF	; 0x8001bf <timer0_overflow_count+0x2>
     7b4:	b0 91 c0 01 	lds	r27, 0x01C0	; 0x8001c0 <timer0_overflow_count+0x3>
C:\Users\jasmine\AppData\Local\Arduino15\packages\MiniCore\hardware\avr\3.1.2\cores\MCUdude_corefiles/wiring.c:252
#endif

  // TCNT0 : The Timer Counter Register
#if defined(TCNT0)
  t = TCNT0;
     7b8:	26 b5       	in	r18, 0x26	; 38
C:\Users\jasmine\AppData\Local\Arduino15\packages\MiniCore\hardware\avr\3.1.2\cores\MCUdude_corefiles/wiring.c:261
  #error TIMER 0 not defined
#endif

  // Timer0 Interrupt Flag Register
#ifdef TIFR0
  if ((TIFR0 & _BV(TOV0)) && (t < 255))
     7ba:	a8 9b       	sbis	0x15, 0	; 21
     7bc:	05 c0       	rjmp	.+10     	; 0x7c8 <micros+0x24>
     7be:	2f 3f       	cpi	r18, 0xFF	; 255
     7c0:	19 f0       	breq	.+6      	; 0x7c8 <micros+0x24>
C:\Users\jasmine\AppData\Local\Arduino15\packages\MiniCore\hardware\avr\3.1.2\cores\MCUdude_corefiles/wiring.c:263
#ifndef CORRECT_EXACT_MICROS
    m++;
     7c2:	01 96       	adiw	r24, 0x01	; 1
     7c4:	a1 1d       	adc	r26, r1
     7c6:	b1 1d       	adc	r27, r1
C:\Users\jasmine\AppData\Local\Arduino15\packages\MiniCore\hardware\avr\3.1.2\cores\MCUdude_corefiles/wiring.c:276
#else
    q = 1;
#endif
#endif
  // Restore SREG
  SREG = oldSREG;
     7c8:	3f bf       	out	0x3f, r19	; 63
C:\Users\jasmine\AppData\Local\Arduino15\packages\MiniCore\hardware\avr\3.1.2\cores\MCUdude_corefiles/wiring.c:292
      ((t * MICROSECONDS_PER_TIMER0_OVERFLOW) >> 8);
  return q ? m + MICROSECONDS_PER_TIMER0_OVERFLOW : m;
#elif 1
  /* All power-of-two Megahertz frequencies enter here, as well as 12.8 MHz.
     We only end up here if right shift before multiplication is exact. */
  return ((m << 8) + t) * (MICROSECONDS_PER_TIMER0_OVERFLOW >> 8);
     7ca:	ba 2f       	mov	r27, r26
     7cc:	a9 2f       	mov	r26, r25
     7ce:	98 2f       	mov	r25, r24
     7d0:	88 27       	eor	r24, r24
     7d2:	bc 01       	movw	r22, r24
     7d4:	cd 01       	movw	r24, r26
     7d6:	62 0f       	add	r22, r18
     7d8:	71 1d       	adc	r23, r1
     7da:	81 1d       	adc	r24, r1
     7dc:	91 1d       	adc	r25, r1
     7de:	42 e0       	ldi	r20, 0x02	; 2
     7e0:	66 0f       	add	r22, r22
     7e2:	77 1f       	adc	r23, r23
     7e4:	88 1f       	adc	r24, r24
     7e6:	99 1f       	adc	r25, r25
     7e8:	4a 95       	dec	r20
     7ea:	d1 f7       	brne	.-12     	; 0x7e0 <micros+0x3c>
C:\Users\jasmine\AppData\Local\Arduino15\packages\MiniCore\hardware\avr\3.1.2\cores\MCUdude_corefiles/wiring.c:393
  // m & t are multiplied by 4 (since it was already multiplied by 256)
  // t is multiplied by 4
  return ((m << 8) + t) * (64 / clockCyclesPerMicrosecond());
#endif
#endif // 0
}
     7ec:	08 95       	ret

000007ee <TwoWire::onRequestService()>:
_ZN7TwoWire16onRequestServiceEv():
C:\Users\jasmine\AppData\Local\Arduino15\packages\MiniCore\hardware\avr\3.1.2\libraries\Wire\src/Wire.cpp:366
  // !!! this will kill any pending pre-master sendTo() activity
  txBufferIndex = 0;
  txBufferLength = 0;
  // alert user program
  user_onRequest();
}
     7ee:	08 95       	ret

000007f0 <TwoWire::onReceiveService(unsigned char*, int)>:
_ZN7TwoWire16onReceiveServiceEPhi():
C:\Users\jasmine\AppData\Local\Arduino15\packages\MiniCore\hardware\avr\3.1.2\libraries\Wire\src/Wire.cpp:351
  // set rx iterator vars
  rxBufferIndex = 0;
  rxBufferLength = numBytes;
  // alert user program
  user_onReceive(numBytes);
}
     7f0:	08 95       	ret

000007f2 <twi_stop>:
twi_stop():
C:\Users\jasmine\AppData\Local\Arduino15\packages\MiniCore\hardware\avr\3.1.2\libraries\Wire\src\utility/twi.c:436
 * Output   none
 */
void twi_stop(void)
{
  // send stop condition
  TWCR = _BV(TWEN) | _BV(TWIE) | _BV(TWEA) | _BV(TWINT) | _BV(TWSTO);
     7f2:	85 ed       	ldi	r24, 0xD5	; 213
     7f4:	80 93 bc 00 	sts	0x00BC, r24	; 0x8000bc <__DATA_REGION_ORIGIN__+0x5c>
C:\Users\jasmine\AppData\Local\Arduino15\packages\MiniCore\hardware\avr\3.1.2\libraries\Wire\src\utility/twi.c:456
          return;
        }
      }
    }
  #else
    while(TWCR & _BV(TWSTO)){
     7f8:	80 91 bc 00 	lds	r24, 0x00BC	; 0x8000bc <__DATA_REGION_ORIGIN__+0x5c>
     7fc:	84 fd       	sbrc	r24, 4
     7fe:	fc cf       	rjmp	.-8      	; 0x7f8 <twi_stop+0x6>
C:\Users\jasmine\AppData\Local\Arduino15\packages\MiniCore\hardware\avr\3.1.2\libraries\Wire\src\utility/twi.c:462
      continue;
    }
  #endif

  // update twi state
  twi_state = TWI_READY;
     800:	10 92 ef 01 	sts	0x01EF, r1	; 0x8001ef <twi_state>
C:\Users\jasmine\AppData\Local\Arduino15\packages\MiniCore\hardware\avr\3.1.2\libraries\Wire\src\utility/twi.c:463
}
     804:	08 95       	ret

00000806 <twi_transmit>:
twi_transmit():
C:\Users\jasmine\AppData\Local\Arduino15\packages\MiniCore\hardware\avr\3.1.2\libraries\Wire\src\utility/twi.c:371
uint8_t twi_transmit(const uint8_t* data, uint8_t length)
{
  uint8_t i;

  // ensure data will fit into buffer
  if(TWI_BUFFER_SIZE < (twi_txBufferLength+length)){
     806:	20 91 57 01 	lds	r18, 0x0157	; 0x800157 <twi_txBufferLength>
     80a:	26 0f       	add	r18, r22
     80c:	33 27       	eor	r19, r19
     80e:	33 1f       	adc	r19, r19
     810:	21 32       	cpi	r18, 0x21	; 33
     812:	31 05       	cpc	r19, r1
     814:	ec f4       	brge	.+58     	; 0x850 <twi_transmit+0x4a>
C:\Users\jasmine\AppData\Local\Arduino15\packages\MiniCore\hardware\avr\3.1.2\libraries\Wire\src\utility/twi.c:376
    return 1;
  }

  // ensure we are currently a slave transmitter
  if(TWI_STX != twi_state){
     816:	20 91 ef 01 	lds	r18, 0x01EF	; 0x8001ef <twi_state>
     81a:	fc 01       	movw	r30, r24
     81c:	90 e0       	ldi	r25, 0x00	; 0
     81e:	80 e0       	ldi	r24, 0x00	; 0
     820:	24 30       	cpi	r18, 0x04	; 4
     822:	69 f0       	breq	.+26     	; 0x83e <twi_transmit+0x38>
C:\Users\jasmine\AppData\Local\Arduino15\packages\MiniCore\hardware\avr\3.1.2\libraries\Wire\src\utility/twi.c:377
    return 2;
     824:	82 e0       	ldi	r24, 0x02	; 2
C:\Users\jasmine\AppData\Local\Arduino15\packages\MiniCore\hardware\avr\3.1.2\libraries\Wire\src\utility/twi.c:387
    twi_txBuffer[twi_txBufferLength+i] = data[i];
  }
  twi_txBufferLength += length;

  return 0;
}
     826:	08 95       	ret
C:\Users\jasmine\AppData\Local\Arduino15\packages\MiniCore\hardware\avr\3.1.2\libraries\Wire\src\utility/twi.c:382
    return 2;
  }

  // set length and copy data into tx buffer
  for(i = 0; i < length; ++i){
    twi_txBuffer[twi_txBufferLength+i] = data[i];
     828:	a0 91 57 01 	lds	r26, 0x0157	; 0x800157 <twi_txBufferLength>
     82c:	21 91       	ld	r18, Z+
     82e:	ac 01       	movw	r20, r24
     830:	49 5c       	subi	r20, 0xC9	; 201
     832:	5e 4f       	sbci	r21, 0xFE	; 254
     834:	a4 0f       	add	r26, r20
     836:	b5 2f       	mov	r27, r21
     838:	b1 1d       	adc	r27, r1
     83a:	2c 93       	st	X, r18
     83c:	01 96       	adiw	r24, 0x01	; 1
C:\Users\jasmine\AppData\Local\Arduino15\packages\MiniCore\hardware\avr\3.1.2\libraries\Wire\src\utility/twi.c:381
  if(TWI_STX != twi_state){
    return 2;
  }

  // set length and copy data into tx buffer
  for(i = 0; i < length; ++i){
     83e:	86 17       	cp	r24, r22
     840:	98 f3       	brcs	.-26     	; 0x828 <twi_transmit+0x22>
C:\Users\jasmine\AppData\Local\Arduino15\packages\MiniCore\hardware\avr\3.1.2\libraries\Wire\src\utility/twi.c:384
    twi_txBuffer[twi_txBufferLength+i] = data[i];
  }
  twi_txBufferLength += length;
     842:	80 91 57 01 	lds	r24, 0x0157	; 0x800157 <twi_txBufferLength>
     846:	68 0f       	add	r22, r24
     848:	60 93 57 01 	sts	0x0157, r22	; 0x800157 <twi_txBufferLength>
     84c:	80 e0       	ldi	r24, 0x00	; 0
     84e:	08 95       	ret
C:\Users\jasmine\AppData\Local\Arduino15\packages\MiniCore\hardware\avr\3.1.2\libraries\Wire\src\utility/twi.c:372
{
  uint8_t i;

  // ensure data will fit into buffer
  if(TWI_BUFFER_SIZE < (twi_txBufferLength+length)){
    return 1;
     850:	81 e0       	ldi	r24, 0x01	; 1
     852:	08 95       	ret

00000854 <TwoWire::flush()>:
_ZN7TwoWire5flushEv():
C:\Users\jasmine\AppData\Local\Arduino15\packages\MiniCore\hardware\avr\3.1.2\libraries\Wire\src/Wire.cpp:326
}

void TwoWire::flush(void)
{
  // XXX: to be implemented.
}
     854:	08 95       	ret

00000856 <TwoWire::peek()>:
_ZN7TwoWire4peekEv():
C:\Users\jasmine\AppData\Local\Arduino15\packages\MiniCore\hardware\avr\3.1.2\libraries\Wire\src/Wire.cpp:316
// or after requestFrom(address, numBytes)
int TwoWire::peek(void)
{
  int value = -1;

  if(rxBufferIndex < rxBufferLength){
     856:	e0 91 e2 01 	lds	r30, 0x01E2	; 0x8001e2 <TwoWire::rxBufferIndex>
     85a:	80 91 e1 01 	lds	r24, 0x01E1	; 0x8001e1 <TwoWire::rxBufferLength>
     85e:	e8 17       	cp	r30, r24
     860:	30 f4       	brcc	.+12     	; 0x86e <TwoWire::peek()+0x18>
C:\Users\jasmine\AppData\Local\Arduino15\packages\MiniCore\hardware\avr\3.1.2\libraries\Wire\src/Wire.cpp:317
    value = rxBuffer[rxBufferIndex];
     862:	f0 e0       	ldi	r31, 0x00	; 0
     864:	ef 53       	subi	r30, 0x3F	; 63
     866:	fe 4f       	sbci	r31, 0xFE	; 254
     868:	80 81       	ld	r24, Z
     86a:	90 e0       	ldi	r25, 0x00	; 0
     86c:	08 95       	ret
C:\Users\jasmine\AppData\Local\Arduino15\packages\MiniCore\hardware\avr\3.1.2\libraries\Wire\src/Wire.cpp:314
// must be called in:
// slave rx event callback
// or after requestFrom(address, numBytes)
int TwoWire::peek(void)
{
  int value = -1;
     86e:	8f ef       	ldi	r24, 0xFF	; 255
     870:	9f ef       	ldi	r25, 0xFF	; 255
C:\Users\jasmine\AppData\Local\Arduino15\packages\MiniCore\hardware\avr\3.1.2\libraries\Wire\src/Wire.cpp:321
  if(rxBufferIndex < rxBufferLength){
    value = rxBuffer[rxBufferIndex];
  }

  return value;
}
     872:	08 95       	ret

00000874 <TwoWire::available()>:
_ZN7TwoWire9availableEv():
C:\Users\jasmine\AppData\Local\Arduino15\packages\MiniCore\hardware\avr\3.1.2\libraries\Wire\src/Wire.cpp:290
// must be called in:
// slave rx event callback
// or after requestFrom(address, numBytes)
int TwoWire::available(void)
{
  return rxBufferLength - rxBufferIndex;
     874:	80 91 e1 01 	lds	r24, 0x01E1	; 0x8001e1 <TwoWire::rxBufferLength>
     878:	90 91 e2 01 	lds	r25, 0x01E2	; 0x8001e2 <TwoWire::rxBufferIndex>
C:\Users\jasmine\AppData\Local\Arduino15\packages\MiniCore\hardware\avr\3.1.2\libraries\Wire\src/Wire.cpp:291
}
     87c:	89 1b       	sub	r24, r25
     87e:	99 0b       	sbc	r25, r25
     880:	08 95       	ret

00000882 <TwoWire::write(unsigned char const*, unsigned int)>:
_ZN7TwoWire5writeEPKhj():
C:\Users\jasmine\AppData\Local\Arduino15\packages\MiniCore\hardware\avr\3.1.2\libraries\Wire\src/Wire.cpp:271

// must be called in:
// slave tx event callback
// or after beginTransmission(address)
size_t TwoWire::write(const uint8_t *data, size_t quantity)
{
     882:	cf 92       	push	r12
     884:	df 92       	push	r13
     886:	ef 92       	push	r14
     888:	ff 92       	push	r15
     88a:	0f 93       	push	r16
     88c:	1f 93       	push	r17
     88e:	cf 93       	push	r28
     890:	df 93       	push	r29
     892:	7c 01       	movw	r14, r24
     894:	cb 01       	movw	r24, r22
     896:	8a 01       	movw	r16, r20
C:\Users\jasmine\AppData\Local\Arduino15\packages\MiniCore\hardware\avr\3.1.2\libraries\Wire\src/Wire.cpp:272
  if(transmitting){
     898:	20 91 f0 01 	lds	r18, 0x01F0	; 0x8001f0 <TwoWire::transmitting>
     89c:	22 23       	and	r18, r18
     89e:	89 f0       	breq	.+34     	; 0x8c2 <TwoWire::write(unsigned char const*, unsigned int)+0x40>
     8a0:	eb 01       	movw	r28, r22
     8a2:	6b 01       	movw	r12, r22
     8a4:	c4 0e       	add	r12, r20
     8a6:	d5 1e       	adc	r13, r21
C:\Users\jasmine\AppData\Local\Arduino15\packages\MiniCore\hardware\avr\3.1.2\libraries\Wire\src/Wire.cpp:274
  // in master transmitter mode
    for(size_t i = 0; i < quantity; ++i){
     8a8:	cc 15       	cp	r28, r12
     8aa:	dd 05       	cpc	r29, r13
     8ac:	69 f0       	breq	.+26     	; 0x8c8 <TwoWire::write(unsigned char const*, unsigned int)+0x46>
C:\Users\jasmine\AppData\Local\Arduino15\packages\MiniCore\hardware\avr\3.1.2\libraries\Wire\src/Wire.cpp:275
      write(data[i]);
     8ae:	69 91       	ld	r22, Y+
     8b0:	d7 01       	movw	r26, r14
     8b2:	ed 91       	ld	r30, X+
     8b4:	fc 91       	ld	r31, X
     8b6:	01 90       	ld	r0, Z+
     8b8:	f0 81       	ld	r31, Z
     8ba:	e0 2d       	mov	r30, r0
     8bc:	c7 01       	movw	r24, r14
     8be:	09 95       	icall
     8c0:	f3 cf       	rjmp	.-26     	; 0x8a8 <TwoWire::write(unsigned char const*, unsigned int)+0x26>
C:\Users\jasmine\AppData\Local\Arduino15\packages\MiniCore\hardware\avr\3.1.2\libraries\Wire\src/Wire.cpp:280
    }
  }else{
  // in slave send mode
    // reply to master
    twi_transmit(data, quantity);
     8c2:	64 2f       	mov	r22, r20
     8c4:	0e 94 03 04 	call	0x806	; 0x806 <twi_transmit>
C:\Users\jasmine\AppData\Local\Arduino15\packages\MiniCore\hardware\avr\3.1.2\libraries\Wire\src/Wire.cpp:283
  }
  return quantity;
}
     8c8:	c8 01       	movw	r24, r16
     8ca:	df 91       	pop	r29
     8cc:	cf 91       	pop	r28
     8ce:	1f 91       	pop	r17
     8d0:	0f 91       	pop	r16
     8d2:	ff 90       	pop	r15
     8d4:	ef 90       	pop	r14
     8d6:	df 90       	pop	r13
     8d8:	cf 90       	pop	r12
     8da:	08 95       	ret

000008dc <TwoWire::write(unsigned char)>:
_ZN7TwoWire5writeEh():
C:\Users\jasmine\AppData\Local\Arduino15\packages\MiniCore\hardware\avr\3.1.2\libraries\Wire\src/Wire.cpp:246

// must be called in:
// slave tx event callback
// or after beginTransmission(address)
size_t TwoWire::write(uint8_t data)
{
     8dc:	cf 93       	push	r28
     8de:	df 93       	push	r29
     8e0:	1f 92       	push	r1
     8e2:	cd b7       	in	r28, 0x3d	; 61
     8e4:	de b7       	in	r29, 0x3e	; 62
     8e6:	69 83       	std	Y+1, r22	; 0x01
C:\Users\jasmine\AppData\Local\Arduino15\packages\MiniCore\hardware\avr\3.1.2\libraries\Wire\src/Wire.cpp:247
  if(transmitting){
     8e8:	20 91 f0 01 	lds	r18, 0x01F0	; 0x8001f0 <TwoWire::transmitting>
     8ec:	22 23       	and	r18, r18
     8ee:	f9 f0       	breq	.+62     	; 0x92e <__stack+0x2f>
C:\Users\jasmine\AppData\Local\Arduino15\packages\MiniCore\hardware\avr\3.1.2\libraries\Wire\src/Wire.cpp:250
  // in master transmitter mode
    // don't bother if buffer is full
    if(txBufferLength >= TWI_BUFFER_SIZE){
     8f0:	20 91 13 02 	lds	r18, 0x0213	; 0x800213 <TwoWire::txBufferLength>
     8f4:	20 32       	cpi	r18, 0x20	; 32
     8f6:	58 f0       	brcs	.+22     	; 0x90e <__stack+0xf>
_ZN5Print13setWriteErrorEi():
C:\Users\jasmine\AppData\Local\Arduino15\packages\MiniCore\hardware\avr\3.1.2\cores\MCUdude_corefiles/Print.h:44
  private:
    int write_error;
    size_t printNumber(unsigned long, uint8_t);
    size_t printFloat(double, uint8_t);
  protected:
    void setWriteError(int err = 1) { write_error = err; }
     8f8:	21 e0       	ldi	r18, 0x01	; 1
     8fa:	30 e0       	ldi	r19, 0x00	; 0
     8fc:	fc 01       	movw	r30, r24
     8fe:	33 83       	std	Z+3, r19	; 0x03
     900:	22 83       	std	Z+2, r18	; 0x02
_ZN7TwoWire5writeEh():
C:\Users\jasmine\AppData\Local\Arduino15\packages\MiniCore\hardware\avr\3.1.2\libraries\Wire\src/Wire.cpp:252
      setWriteError();
      return 0;
     902:	90 e0       	ldi	r25, 0x00	; 0
     904:	80 e0       	ldi	r24, 0x00	; 0
C:\Users\jasmine\AppData\Local\Arduino15\packages\MiniCore\hardware\avr\3.1.2\libraries\Wire\src/Wire.cpp:265
  // in slave send mode
    // reply to master
    twi_transmit(&data, 1);
  }
  return 1;
}
     906:	0f 90       	pop	r0
     908:	df 91       	pop	r29
     90a:	cf 91       	pop	r28
     90c:	08 95       	ret
C:\Users\jasmine\AppData\Local\Arduino15\packages\MiniCore\hardware\avr\3.1.2\libraries\Wire\src/Wire.cpp:255
    if(txBufferLength >= TWI_BUFFER_SIZE){
      setWriteError();
      return 0;
    }
    // put byte in tx buffer
    txBuffer[txBufferIndex] = data;
     90e:	80 91 f1 01 	lds	r24, 0x01F1	; 0x8001f1 <TwoWire::txBufferIndex>
     912:	e8 2f       	mov	r30, r24
     914:	f0 e0       	ldi	r31, 0x00	; 0
     916:	ee 50       	subi	r30, 0x0E	; 14
     918:	fe 4f       	sbci	r31, 0xFE	; 254
     91a:	99 81       	ldd	r25, Y+1	; 0x01
     91c:	90 83       	st	Z, r25
C:\Users\jasmine\AppData\Local\Arduino15\packages\MiniCore\hardware\avr\3.1.2\libraries\Wire\src/Wire.cpp:256
    ++txBufferIndex;
     91e:	8f 5f       	subi	r24, 0xFF	; 255
     920:	80 93 f1 01 	sts	0x01F1, r24	; 0x8001f1 <TwoWire::txBufferIndex>
C:\Users\jasmine\AppData\Local\Arduino15\packages\MiniCore\hardware\avr\3.1.2\libraries\Wire\src/Wire.cpp:258
    // update amount in buffer
    txBufferLength = txBufferIndex;
     924:	80 93 13 02 	sts	0x0213, r24	; 0x800213 <TwoWire::txBufferLength>
C:\Users\jasmine\AppData\Local\Arduino15\packages\MiniCore\hardware\avr\3.1.2\libraries\Wire\src/Wire.cpp:264
  }else{
  // in slave send mode
    // reply to master
    twi_transmit(&data, 1);
  }
  return 1;
     928:	81 e0       	ldi	r24, 0x01	; 1
     92a:	90 e0       	ldi	r25, 0x00	; 0
     92c:	ec cf       	rjmp	.-40     	; 0x906 <__stack+0x7>
C:\Users\jasmine\AppData\Local\Arduino15\packages\MiniCore\hardware\avr\3.1.2\libraries\Wire\src/Wire.cpp:262
    // update amount in buffer
    txBufferLength = txBufferIndex;
  }else{
  // in slave send mode
    // reply to master
    twi_transmit(&data, 1);
     92e:	61 e0       	ldi	r22, 0x01	; 1
     930:	ce 01       	movw	r24, r28
     932:	01 96       	adiw	r24, 0x01	; 1
     934:	0e 94 03 04 	call	0x806	; 0x806 <twi_transmit>
     938:	f7 cf       	rjmp	.-18     	; 0x928 <__stack+0x29>

0000093a <TwoWire::write(int) [clone .constprop.34]>:
_ZN7TwoWire5writeEi.constprop.34():
C:\Users\jasmine\AppData\Local\Arduino15\packages\MiniCore\hardware\avr\3.1.2\libraries\Wire\src/Wire.h:87
    void onRequest( void (*)(void) );

    inline size_t write(unsigned long n) { return write((uint8_t)n); }
    inline size_t write(long n) { return write((uint8_t)n); }
    inline size_t write(unsigned int n) { return write((uint8_t)n); }
    inline size_t write(int n) { return write((uint8_t)n); }
     93a:	68 2f       	mov	r22, r24
     93c:	84 e1       	ldi	r24, 0x14	; 20
     93e:	92 e0       	ldi	r25, 0x02	; 2
     940:	0c 94 6e 04 	jmp	0x8dc	; 0x8dc <TwoWire::write(unsigned char)>

00000944 <Print::availableForWrite()>:
_ZN5Print17availableForWriteEv():
C:\Users\jasmine\AppData\Local\Arduino15\packages\MiniCore\hardware\avr\3.1.2\cores\MCUdude_corefiles/Print.h:63
      return write((const uint8_t *)buffer, size);
    }

    // default to zero, meaning "a single write may block"
    // should be overriden by subclasses with buffering
    virtual int availableForWrite() { return 0; }
     944:	90 e0       	ldi	r25, 0x00	; 0
     946:	80 e0       	ldi	r24, 0x00	; 0
     948:	08 95       	ret

0000094a <SPIClass::transfer(unsigned char)>:
_ZN8SPIClass8transferEh():
C:\Users\jasmine\AppData\Local\Arduino15\packages\MiniCore\hardware\avr\3.1.2\libraries\SPI\src/SPI.h:212
    SPSR = settings.spsr;
  }

  // Write to the SPI bus (MOSI pin) and also receive (MISO pin)
  inline static uint8_t transfer(uint8_t data) {
    SPDR = data;
     94a:	8e bd       	out	0x2e, r24	; 46
C:\Users\jasmine\AppData\Local\Arduino15\packages\MiniCore\hardware\avr\3.1.2\libraries\SPI\src/SPI.h:219
     * The following NOP introduces a small delay that can prevent the wait
     * loop form iterating when running at the maximum speed. This gives
     * about 10% more speed, even if it seems counter-intuitive. At lower
     * speeds it is unnoticed.
     */
    asm volatile("nop");
     94c:	00 00       	nop
C:\Users\jasmine\AppData\Local\Arduino15\packages\MiniCore\hardware\avr\3.1.2\libraries\SPI\src/SPI.h:220
    while (!(SPSR & _BV(SPIF))) ; // wait
     94e:	0d b4       	in	r0, 0x2d	; 45
     950:	07 fe       	sbrs	r0, 7
     952:	fd cf       	rjmp	.-6      	; 0x94e <SPIClass::transfer(unsigned char)+0x4>
C:\Users\jasmine\AppData\Local\Arduino15\packages\MiniCore\hardware\avr\3.1.2\libraries\SPI\src/SPI.h:221
    return SPDR;
     954:	8e b5       	in	r24, 0x2e	; 46
C:\Users\jasmine\AppData\Local\Arduino15\packages\MiniCore\hardware\avr\3.1.2\libraries\SPI\src/SPI.h:222
  }
     956:	08 95       	ret

00000958 <SPIClass::begin()>:
_ZN8SPIClass5beginEv():
C:\Users\jasmine\AppData\Local\Arduino15\packages\MiniCore\hardware\avr\3.1.2\libraries\SPI\src/SPI.cpp:27
#ifdef SPI_TRANSACTION_MISMATCH_LED
uint8_t SPIClass::inTransactionFlag = 0;
#endif

void SPIClass::begin()
{
     958:	cf 93       	push	r28
C:\Users\jasmine\AppData\Local\Arduino15\packages\MiniCore\hardware\avr\3.1.2\libraries\SPI\src/SPI.cpp:28
  uint8_t sreg = SREG;
     95a:	cf b7       	in	r28, 0x3f	; 63
C:\Users\jasmine\AppData\Local\Arduino15\packages\MiniCore\hardware\avr\3.1.2\libraries\SPI\src/SPI.cpp:29
  noInterrupts(); // Protect from a scheduler and prevent transactionBegin
     95c:	f8 94       	cli
C:\Users\jasmine\AppData\Local\Arduino15\packages\MiniCore\hardware\avr\3.1.2\libraries\SPI\src/SPI.cpp:30
  if (!initialized) {
     95e:	80 91 36 01 	lds	r24, 0x0136	; 0x800136 <SPIClass::initialized>
     962:	81 11       	cpse	r24, r1
     964:	24 c0       	rjmp	.+72     	; 0x9ae <SPIClass::begin()+0x56>
C:\Users\jasmine\AppData\Local\Arduino15\packages\MiniCore\hardware\avr\3.1.2\libraries\SPI\src/SPI.cpp:32
    // Set SS to high so a connected chip will be "deselected" by default
    uint8_t port = digitalPinToPort(SS);
     966:	ed e9       	ldi	r30, 0x9D	; 157
     968:	f4 e0       	ldi	r31, 0x04	; 4
     96a:	84 91       	lpm	r24, Z
C:\Users\jasmine\AppData\Local\Arduino15\packages\MiniCore\hardware\avr\3.1.2\libraries\SPI\src/SPI.cpp:33
    uint8_t bit = digitalPinToBitMask(SS);
     96c:	e4 eb       	ldi	r30, 0xB4	; 180
     96e:	f4 e0       	ldi	r31, 0x04	; 4
     970:	94 91       	lpm	r25, Z
C:\Users\jasmine\AppData\Local\Arduino15\packages\MiniCore\hardware\avr\3.1.2\libraries\SPI\src/SPI.cpp:34
    volatile uint8_t *reg = portModeRegister(port);
     972:	e8 2f       	mov	r30, r24
     974:	f0 e0       	ldi	r31, 0x00	; 0
     976:	ee 0f       	add	r30, r30
     978:	ff 1f       	adc	r31, r31
     97a:	e7 57       	subi	r30, 0x77	; 119
     97c:	fb 4f       	sbci	r31, 0xFB	; 251
     97e:	a5 91       	lpm	r26, Z+
     980:	b4 91       	lpm	r27, Z
C:\Users\jasmine\AppData\Local\Arduino15\packages\MiniCore\hardware\avr\3.1.2\libraries\SPI\src/SPI.cpp:38

    // if the SS pin is not already configured as an output
    // then set it high (to enable the internal pull-up resistor)
    if(!(*reg & bit)){
     982:	ec 91       	ld	r30, X
     984:	e9 23       	and	r30, r25
     986:	21 f4       	brne	.+8      	; 0x990 <SPIClass::begin()+0x38>
C:\Users\jasmine\AppData\Local\Arduino15\packages\MiniCore\hardware\avr\3.1.2\libraries\SPI\src/SPI.cpp:39
      digitalWrite(SS, HIGH);
     988:	61 e0       	ldi	r22, 0x01	; 1
     98a:	8a e0       	ldi	r24, 0x0A	; 10
     98c:	0e 94 69 03 	call	0x6d2	; 0x6d2 <digitalWrite>
C:\Users\jasmine\AppData\Local\Arduino15\packages\MiniCore\hardware\avr\3.1.2\libraries\SPI\src/SPI.cpp:45
    }

    // When the SS pin is set as OUTPUT, it can be used as
    // a general purpose output port (it doesn't influence
    // SPI operations).
    pinMode(SS, OUTPUT);
     990:	8a e0       	ldi	r24, 0x0A	; 10
     992:	0e 94 8c 02 	call	0x518	; 0x518 <pinMode.constprop.39>
C:\Users\jasmine\AppData\Local\Arduino15\packages\MiniCore\hardware\avr\3.1.2\libraries\SPI\src/SPI.cpp:50

    // Warning: if the SS pin ever becomes a LOW INPUT then SPI
    // automatically switches to Slave, so the data direction of
    // the SS pin MUST be kept as OUTPUT.
    SPCR |= _BV(MSTR);
     996:	8c b5       	in	r24, 0x2c	; 44
     998:	80 61       	ori	r24, 0x10	; 16
     99a:	8c bd       	out	0x2c, r24	; 44
C:\Users\jasmine\AppData\Local\Arduino15\packages\MiniCore\hardware\avr\3.1.2\libraries\SPI\src/SPI.cpp:51
    SPCR |= _BV(SPE);
     99c:	8c b5       	in	r24, 0x2c	; 44
     99e:	80 64       	ori	r24, 0x40	; 64
     9a0:	8c bd       	out	0x2c, r24	; 44
C:\Users\jasmine\AppData\Local\Arduino15\packages\MiniCore\hardware\avr\3.1.2\libraries\SPI\src/SPI.cpp:59
    // MISO pin automatically overrides to INPUT.
    // By doing this AFTER enabling SPI, we avoid accidentally
    // clocking in a single bit since the lines go directly
    // from "input" to SPI control.
    // http://code.google.com/p/arduino/issues/detail?id=888
    pinMode(SCK, OUTPUT);
     9a2:	8d e0       	ldi	r24, 0x0D	; 13
     9a4:	0e 94 8c 02 	call	0x518	; 0x518 <pinMode.constprop.39>
C:\Users\jasmine\AppData\Local\Arduino15\packages\MiniCore\hardware\avr\3.1.2\libraries\SPI\src/SPI.cpp:60
    pinMode(MOSI, OUTPUT);
     9a8:	8b e0       	ldi	r24, 0x0B	; 11
     9aa:	0e 94 8c 02 	call	0x518	; 0x518 <pinMode.constprop.39>
C:\Users\jasmine\AppData\Local\Arduino15\packages\MiniCore\hardware\avr\3.1.2\libraries\SPI\src/SPI.cpp:62
  }
  initialized++; // reference count
     9ae:	80 91 36 01 	lds	r24, 0x0136	; 0x800136 <SPIClass::initialized>
     9b2:	8f 5f       	subi	r24, 0xFF	; 255
     9b4:	80 93 36 01 	sts	0x0136, r24	; 0x800136 <SPIClass::initialized>
C:\Users\jasmine\AppData\Local\Arduino15\packages\MiniCore\hardware\avr\3.1.2\libraries\SPI\src/SPI.cpp:63
  SREG = sreg;
     9b8:	cf bf       	out	0x3f, r28	; 63
C:\Users\jasmine\AppData\Local\Arduino15\packages\MiniCore\hardware\avr\3.1.2\libraries\SPI\src/SPI.cpp:64
}
     9ba:	cf 91       	pop	r28
     9bc:	08 95       	ret

000009be <MPU6050::readGyro()::{lambda(int)#1}::operator()(int) const [clone .isra.0]>:
_ZZN7MPU60508readGyroEvENKUliE_clEi.isra.0():
C:\Users\jasmine\Documents\GitHub\GEN6_ELEC\SSRU_v4.0\SSRU_v4.0/mpu6050.cpp:35
    auto scale = [](int16_t raw) -> int8_t {
            const int16_t LIMIT = 1638;     // ±12.5°/s at 131 LSB/°/s
            const uint16_t SPAN  = 3276;    // 1638 × 2
            const uint16_t TO    = 254;     // scale to 0..254

            if (raw <= -LIMIT || raw >= LIMIT) {
     9be:	9c 01       	movw	r18, r24
     9c0:	2b 59       	subi	r18, 0x9B	; 155
     9c2:	39 4f       	sbci	r19, 0xF9	; 249
     9c4:	2b 3c       	cpi	r18, 0xCB	; 203
     9c6:	4c e0       	ldi	r20, 0x0C	; 12
     9c8:	34 07       	cpc	r19, r20
     9ca:	78 f4       	brcc	.+30     	; 0x9ea <MPU6050::readGyro()::{lambda(int)#1}::operator()(int) const [clone .isra.0]+0x2c>
C:\Users\jasmine\Documents\GitHub\GEN6_ELEC\SSRU_v4.0\SSRU_v4.0/mpu6050.cpp:39
                return -128;                // out-of-range error
            }

            uint16_t offset = raw + LIMIT;           // → 0..3276
     9cc:	2f 5f       	subi	r18, 0xFF	; 255
     9ce:	3f 4f       	sbci	r19, 0xFF	; 255
C:\Users\jasmine\Documents\GitHub\GEN6_ELEC\SSRU_v4.0\SSRU_v4.0/mpu6050.cpp:40
            uint16_t scaled = (offset * TO) / SPAN;  // → 0..254
     9d0:	4e ef       	ldi	r20, 0xFE	; 254
     9d2:	42 9f       	mul	r20, r18
     9d4:	c0 01       	movw	r24, r0
     9d6:	43 9f       	mul	r20, r19
     9d8:	90 0d       	add	r25, r0
     9da:	11 24       	eor	r1, r1
     9dc:	6c ec       	ldi	r22, 0xCC	; 204
     9de:	7c e0       	ldi	r23, 0x0C	; 12
     9e0:	0e 94 c4 0b 	call	0x1788	; 0x1788 <__udivmodhi4>
C:\Users\jasmine\Documents\GitHub\GEN6_ELEC\SSRU_v4.0\SSRU_v4.0/mpu6050.cpp:42

            return scaled - 127;                     // → -127..0..+127
     9e4:	81 e8       	ldi	r24, 0x81	; 129
     9e6:	86 0f       	add	r24, r22
     9e8:	08 95       	ret
C:\Users\jasmine\Documents\GitHub\GEN6_ELEC\SSRU_v4.0\SSRU_v4.0/mpu6050.cpp:36
            const int16_t LIMIT = 1638;     // ±12.5°/s at 131 LSB/°/s
            const uint16_t SPAN  = 3276;    // 1638 × 2
            const uint16_t TO    = 254;     // scale to 0..254

            if (raw <= -LIMIT || raw >= LIMIT) {
                return -128;                // out-of-range error
     9ea:	80 e8       	ldi	r24, 0x80	; 128
C:\Users\jasmine\Documents\GitHub\GEN6_ELEC\SSRU_v4.0\SSRU_v4.0/mpu6050.cpp:43

            uint16_t offset = raw + LIMIT;           // → 0..3276
            uint16_t scaled = (offset * TO) / SPAN;  // → 0..254

            return scaled - 127;                     // → -127..0..+127
        };
     9ec:	08 95       	ret

000009ee <MPU6050::wakeSensor()>:
_ZN7MPU605010wakeSensorEv():
C:\Users\jasmine\Documents\GitHub\GEN6_ELEC\SSRU_v4.0\SSRU_v4.0/mpu6050.cpp:16

MPU6050::MPU6050(uint8_t address, int16_t gOffX, int16_t gOffY, int16_t gOffZ, int16_t aOffX, int16_t aOffY, int16_t aOffZ):
  address(address), gOffX(gOffX), gOffY(gOffY), gOffZ(gOffZ), aOffX(aOffX), aOffY(aOffY), aOffZ(aOffZ){};

void MPU6050::wakeSensor(){
    Wire.beginTransmission(address);
     9ee:	fc 01       	movw	r30, r24
     9f0:	80 81       	ld	r24, Z
beginTransmission():
C:\Users\jasmine\AppData\Local\Arduino15\packages\MiniCore\hardware\avr\3.1.2\libraries\Wire\src/Wire.cpp:196
}

void TwoWire::beginTransmission(uint8_t address)
{
  // indicate that we are transmitting
  transmitting = 1;
     9f2:	91 e0       	ldi	r25, 0x01	; 1
     9f4:	90 93 f0 01 	sts	0x01F0, r25	; 0x8001f0 <TwoWire::transmitting>
C:\Users\jasmine\AppData\Local\Arduino15\packages\MiniCore\hardware\avr\3.1.2\libraries\Wire\src/Wire.cpp:198
  // set address of targeted slave
  txAddress = address;
     9f8:	80 93 12 02 	sts	0x0212, r24	; 0x800212 <TwoWire::txAddress>
C:\Users\jasmine\AppData\Local\Arduino15\packages\MiniCore\hardware\avr\3.1.2\libraries\Wire\src/Wire.cpp:200
  // reset tx buffer iterator vars
  txBufferIndex = 0;
     9fc:	10 92 f1 01 	sts	0x01F1, r1	; 0x8001f1 <TwoWire::txBufferIndex>
C:\Users\jasmine\AppData\Local\Arduino15\packages\MiniCore\hardware\avr\3.1.2\libraries\Wire\src/Wire.cpp:201
  txBufferLength = 0;
     a00:	10 92 13 02 	sts	0x0213, r1	; 0x800213 <TwoWire::txBufferLength>
_ZN7MPU605010wakeSensorEv():
C:\Users\jasmine\Documents\GitHub\GEN6_ELEC\SSRU_v4.0\SSRU_v4.0/mpu6050.cpp:17
    Wire.write(PWR_MGMT_1); // global power management register
     a04:	8b e6       	ldi	r24, 0x6B	; 107
     a06:	90 e0       	ldi	r25, 0x00	; 0
     a08:	0e 94 9d 04 	call	0x93a	; 0x93a <TwoWire::write(int) [clone .constprop.34]>
C:\Users\jasmine\Documents\GitHub\GEN6_ELEC\SSRU_v4.0\SSRU_v4.0/mpu6050.cpp:18
    Wire.write(0x00); // wakes sensor up
     a0c:	90 e0       	ldi	r25, 0x00	; 0
     a0e:	80 e0       	ldi	r24, 0x00	; 0
     a10:	0e 94 9d 04 	call	0x93a	; 0x93a <TwoWire::write(int) [clone .constprop.34]>
C:\Users\jasmine\Documents\GitHub\GEN6_ELEC\SSRU_v4.0\SSRU_v4.0/mpu6050.cpp:19
    Wire.endTransmission(true);
     a14:	81 e0       	ldi	r24, 0x01	; 1
     a16:	0c 94 ab 02 	jmp	0x556	; 0x556 <TwoWire::endTransmission(unsigned char) [clone .constprop.35]>

00000a1a <MCP2515::startSPI() [clone .constprop.26]>:
_ZN7MCP25158startSPIEv.constprop.26():
c:\Users\jasmine\Documents\Arduino\libraries\autowp-mcp2515/mcp2515.cpp:31
    SPI_CLOCK = _SPI_CLOCK;
    pinMode(SPICS, OUTPUT);
    digitalWrite(SPICS, HIGH);
}

void MCP2515::startSPI() {
     a1a:	0f 93       	push	r16
     a1c:	1f 93       	push	r17
c:\Users\jasmine\Documents\Arduino\libraries\autowp-mcp2515/mcp2515.cpp:32
    SPIn->beginTransaction(SPISettings(SPI_CLOCK, MSBFIRST, SPI_MODE0));
     a1e:	00 91 22 02 	lds	r16, 0x0222	; 0x800222 <mcp2515+0x1>
     a22:	10 91 23 02 	lds	r17, 0x0223	; 0x800223 <mcp2515+0x2>
     a26:	20 91 24 02 	lds	r18, 0x0224	; 0x800224 <mcp2515+0x3>
     a2a:	30 91 25 02 	lds	r19, 0x0225	; 0x800225 <mcp2515+0x4>
C:\Users\jasmine\AppData\Local\Arduino15\packages\MiniCore\hardware\avr\3.1.2\libraries\SPI\src/SPI.h:133
        clockDiv = 5;
      } else {
        clockDiv = 6;
      }
    } else {
      uint32_t clockSetting = F_CPU / 2;
     a2e:	40 e0       	ldi	r20, 0x00	; 0
     a30:	52 e1       	ldi	r21, 0x12	; 18
     a32:	6a e7       	ldi	r22, 0x7A	; 122
     a34:	70 e0       	ldi	r23, 0x00	; 0
C:\Users\jasmine\AppData\Local\Arduino15\packages\MiniCore\hardware\avr\3.1.2\libraries\SPI\src/SPI.h:134
      clockDiv = 0;
     a36:	80 e0       	ldi	r24, 0x00	; 0
_ZN11SPISettings17init_AlwaysInlineEmhh():
C:\Users\jasmine\AppData\Local\Arduino15\packages\MiniCore\hardware\avr\3.1.2\libraries\SPI\src/SPI.h:135
      while (clockDiv < 6 && clock < clockSetting) {
     a38:	04 17       	cp	r16, r20
     a3a:	15 07       	cpc	r17, r21
     a3c:	26 07       	cpc	r18, r22
     a3e:	37 07       	cpc	r19, r23
     a40:	40 f4       	brcc	.+16     	; 0xa52 <MCP2515::startSPI() [clone .constprop.26]+0x38>
C:\Users\jasmine\AppData\Local\Arduino15\packages\MiniCore\hardware\avr\3.1.2\libraries\SPI\src/SPI.h:136
        clockSetting /= 2;
     a42:	76 95       	lsr	r23
     a44:	67 95       	ror	r22
     a46:	57 95       	ror	r21
     a48:	47 95       	ror	r20
C:\Users\jasmine\AppData\Local\Arduino15\packages\MiniCore\hardware\avr\3.1.2\libraries\SPI\src/SPI.h:137
        clockDiv++;
     a4a:	8f 5f       	subi	r24, 0xFF	; 255
C:\Users\jasmine\AppData\Local\Arduino15\packages\MiniCore\hardware\avr\3.1.2\libraries\SPI\src/SPI.h:135
        clockDiv = 6;
      }
    } else {
      uint32_t clockSetting = F_CPU / 2;
      clockDiv = 0;
      while (clockDiv < 6 && clock < clockSetting) {
     a4c:	86 30       	cpi	r24, 0x06	; 6
     a4e:	a1 f7       	brne	.-24     	; 0xa38 <MCP2515::startSPI() [clone .constprop.26]+0x1e>
_ZN7MCP25158startSPIEv.constprop.26():
C:\Users\jasmine\AppData\Local\Arduino15\packages\MiniCore\hardware\avr\3.1.2\libraries\SPI\src/SPI.h:143
      }
    }

    // Compensate for the duplicate fosc/64
    if (clockDiv == 6)
    clockDiv = 7;
     a50:	87 e0       	ldi	r24, 0x07	; 7
_ZN11SPISettings17init_AlwaysInlineEmhh():
C:\Users\jasmine\AppData\Local\Arduino15\packages\MiniCore\hardware\avr\3.1.2\libraries\SPI\src/SPI.h:150
    // Invert the SPI2X bit
    clockDiv ^= 0x1;

    // Pack into the SPISettings class
    spcr = _BV(SPE) | _BV(MSTR) | ((bitOrder == LSBFIRST) ? _BV(DORD) : 0) |
      (dataMode & SPI_MODE_MASK) | ((clockDiv >> 1) & SPI_CLOCK_MASK);
     a52:	98 2f       	mov	r25, r24
     a54:	90 6a       	ori	r25, 0xA0	; 160
     a56:	96 95       	lsr	r25
C:\Users\jasmine\AppData\Local\Arduino15\packages\MiniCore\hardware\avr\3.1.2\libraries\SPI\src/SPI.h:151
    spsr = clockDiv & SPI_2XCLOCK_MASK;
     a58:	80 95       	com	r24
     a5a:	81 70       	andi	r24, 0x01	; 1
beginTransaction():
C:\Users\jasmine\AppData\Local\Arduino15\packages\MiniCore\hardware\avr\3.1.2\libraries\SPI\src/SPI.h:206
      digitalWrite(SPI_TRANSACTION_MISMATCH_LED, HIGH);
    }
    inTransactionFlag = 1;
    #endif

    SPCR = settings.spcr;
     a5c:	9c bd       	out	0x2c, r25	; 44
C:\Users\jasmine\AppData\Local\Arduino15\packages\MiniCore\hardware\avr\3.1.2\libraries\SPI\src/SPI.h:207
    SPSR = settings.spsr;
     a5e:	8d bd       	out	0x2d, r24	; 45
_ZN7MCP25158startSPIEv.constprop.26():
c:\Users\jasmine\Documents\Arduino\libraries\autowp-mcp2515/mcp2515.cpp:33
    digitalWrite(SPICS, LOW);
     a60:	60 e0       	ldi	r22, 0x00	; 0
     a62:	80 91 21 02 	lds	r24, 0x0221	; 0x800221 <mcp2515>
c:\Users\jasmine\Documents\Arduino\libraries\autowp-mcp2515/mcp2515.cpp:34
}
     a66:	1f 91       	pop	r17
     a68:	0f 91       	pop	r16
c:\Users\jasmine\Documents\Arduino\libraries\autowp-mcp2515/mcp2515.cpp:33
    digitalWrite(SPICS, HIGH);
}

void MCP2515::startSPI() {
    SPIn->beginTransaction(SPISettings(SPI_CLOCK, MSBFIRST, SPI_MODE0));
    digitalWrite(SPICS, LOW);
     a6a:	0c 94 69 03 	jmp	0x6d2	; 0x6d2 <digitalWrite>

00000a6e <MCP2515::readRegister(MCP2515::REGISTER) [clone .constprop.25]>:
_ZN7MCP251512readRegisterENS_8REGISTERE.constprop.25():
c:\Users\jasmine\Documents\Arduino\libraries\autowp-mcp2515/mcp2515.cpp:92
    }

    return ERROR_OK;
}

uint8_t MCP2515::readRegister(const REGISTER reg)
     a6e:	cf 93       	push	r28
     a70:	c8 2f       	mov	r28, r24
c:\Users\jasmine\Documents\Arduino\libraries\autowp-mcp2515/mcp2515.cpp:94
{
    startSPI();
     a72:	0e 94 0d 05 	call	0xa1a	; 0xa1a <MCP2515::startSPI() [clone .constprop.26]>
c:\Users\jasmine\Documents\Arduino\libraries\autowp-mcp2515/mcp2515.cpp:95
    SPIn->transfer(INSTRUCTION_READ);
     a76:	83 e0       	ldi	r24, 0x03	; 3
     a78:	0e 94 a5 04 	call	0x94a	; 0x94a <SPIClass::transfer(unsigned char)>
c:\Users\jasmine\Documents\Arduino\libraries\autowp-mcp2515/mcp2515.cpp:96
    SPIn->transfer(reg);
     a7c:	8c 2f       	mov	r24, r28
     a7e:	0e 94 a5 04 	call	0x94a	; 0x94a <SPIClass::transfer(unsigned char)>
c:\Users\jasmine\Documents\Arduino\libraries\autowp-mcp2515/mcp2515.cpp:97
    uint8_t ret = SPIn->transfer(0x00);
     a82:	80 e0       	ldi	r24, 0x00	; 0
     a84:	0e 94 a5 04 	call	0x94a	; 0x94a <SPIClass::transfer(unsigned char)>
     a88:	c8 2f       	mov	r28, r24
c:\Users\jasmine\Documents\Arduino\libraries\autowp-mcp2515/mcp2515.cpp:98
    endSPI();
     a8a:	0e 94 b5 03 	call	0x76a	; 0x76a <MCP2515::endSPI() [clone .constprop.29]>
c:\Users\jasmine\Documents\Arduino\libraries\autowp-mcp2515/mcp2515.cpp:101

    return ret;
}
     a8e:	8c 2f       	mov	r24, r28
     a90:	cf 91       	pop	r28
     a92:	08 95       	ret

00000a94 <MCP2515::modifyRegister(MCP2515::REGISTER, unsigned char, unsigned char) [clone .constprop.24]>:
_ZN7MCP251514modifyRegisterENS_8REGISTEREhh.constprop.24():
c:\Users\jasmine\Documents\Arduino\libraries\autowp-mcp2515/mcp2515.cpp:135
        SPIn->transfer(values[i]);
    }
    endSPI();
}

void MCP2515::modifyRegister(const REGISTER reg, const uint8_t mask, const uint8_t data)
     a94:	1f 93       	push	r17
     a96:	cf 93       	push	r28
     a98:	df 93       	push	r29
     a9a:	18 2f       	mov	r17, r24
     a9c:	d6 2f       	mov	r29, r22
     a9e:	c4 2f       	mov	r28, r20
c:\Users\jasmine\Documents\Arduino\libraries\autowp-mcp2515/mcp2515.cpp:137
{
    startSPI();
     aa0:	0e 94 0d 05 	call	0xa1a	; 0xa1a <MCP2515::startSPI() [clone .constprop.26]>
c:\Users\jasmine\Documents\Arduino\libraries\autowp-mcp2515/mcp2515.cpp:138
    SPIn->transfer(INSTRUCTION_BITMOD);
     aa4:	85 e0       	ldi	r24, 0x05	; 5
     aa6:	0e 94 a5 04 	call	0x94a	; 0x94a <SPIClass::transfer(unsigned char)>
c:\Users\jasmine\Documents\Arduino\libraries\autowp-mcp2515/mcp2515.cpp:139
    SPIn->transfer(reg);
     aaa:	81 2f       	mov	r24, r17
     aac:	0e 94 a5 04 	call	0x94a	; 0x94a <SPIClass::transfer(unsigned char)>
c:\Users\jasmine\Documents\Arduino\libraries\autowp-mcp2515/mcp2515.cpp:140
    SPIn->transfer(mask);
     ab0:	8d 2f       	mov	r24, r29
     ab2:	0e 94 a5 04 	call	0x94a	; 0x94a <SPIClass::transfer(unsigned char)>
c:\Users\jasmine\Documents\Arduino\libraries\autowp-mcp2515/mcp2515.cpp:141
    SPIn->transfer(data);
     ab6:	8c 2f       	mov	r24, r28
     ab8:	0e 94 a5 04 	call	0x94a	; 0x94a <SPIClass::transfer(unsigned char)>
c:\Users\jasmine\Documents\Arduino\libraries\autowp-mcp2515/mcp2515.cpp:143
    endSPI();
}
     abc:	df 91       	pop	r29
     abe:	cf 91       	pop	r28
     ac0:	1f 91       	pop	r17
c:\Users\jasmine\Documents\Arduino\libraries\autowp-mcp2515/mcp2515.cpp:142
    startSPI();
    SPIn->transfer(INSTRUCTION_BITMOD);
    SPIn->transfer(reg);
    SPIn->transfer(mask);
    SPIn->transfer(data);
    endSPI();
     ac2:	0c 94 b5 03 	jmp	0x76a	; 0x76a <MCP2515::endSPI() [clone .constprop.29]>

00000ac6 <MCP2515::setMode(MCP2515::CANCTRL_REQOP_MODE) [clone .constprop.23]>:
_ZN7MCP25157setModeENS_18CANCTRL_REQOP_MODEE.constprop.23():
c:\Users\jasmine\Documents\Arduino\libraries\autowp-mcp2515/mcp2515.cpp:185
MCP2515::ERROR MCP2515::setNormalOneShotMode()
{
    return setMode(CANCTRL_REQOP_OSM);
}

MCP2515::ERROR MCP2515::setMode(const CANCTRL_REQOP_MODE mode)
     ac6:	cf 92       	push	r12
     ac8:	df 92       	push	r13
     aca:	ef 92       	push	r14
     acc:	ff 92       	push	r15
     ace:	cf 93       	push	r28
     ad0:	c8 2f       	mov	r28, r24
c:\Users\jasmine\Documents\Arduino\libraries\autowp-mcp2515/mcp2515.cpp:187
{
    modifyRegister(MCP_CANCTRL, CANCTRL_REQOP | CANCTRL_OSM, mode);
     ad2:	48 2f       	mov	r20, r24
     ad4:	68 ee       	ldi	r22, 0xE8	; 232
     ad6:	8f e0       	ldi	r24, 0x0F	; 15
     ad8:	0e 94 4a 05 	call	0xa94	; 0xa94 <MCP2515::modifyRegister(MCP2515::REGISTER, unsigned char, unsigned char) [clone .constprop.24]>
millis():
C:\Users\jasmine\AppData\Local\Arduino15\packages\MiniCore\hardware\avr\3.1.2\cores\MCUdude_corefiles/wiring.c:218
}

unsigned long millis()
{
  unsigned long m;
  uint8_t oldSREG = SREG;
     adc:	8f b7       	in	r24, 0x3f	; 63
C:\Users\jasmine\AppData\Local\Arduino15\packages\MiniCore\hardware\avr\3.1.2\cores\MCUdude_corefiles/wiring.c:222

  // disable interrupts while we read timer0_millis or we might get an
  // inconsistent value (e.g. in the middle of a write to timer0_millis)
  cli();
     ade:	f8 94       	cli
C:\Users\jasmine\AppData\Local\Arduino15\packages\MiniCore\hardware\avr\3.1.2\cores\MCUdude_corefiles/wiring.c:223
  m = timer0_millis;
     ae0:	c0 90 e3 01 	lds	r12, 0x01E3	; 0x8001e3 <timer0_millis>
     ae4:	d0 90 e4 01 	lds	r13, 0x01E4	; 0x8001e4 <timer0_millis+0x1>
     ae8:	e0 90 e5 01 	lds	r14, 0x01E5	; 0x8001e5 <timer0_millis+0x2>
     aec:	f0 90 e6 01 	lds	r15, 0x01E6	; 0x8001e6 <timer0_millis+0x3>
C:\Users\jasmine\AppData\Local\Arduino15\packages\MiniCore\hardware\avr\3.1.2\cores\MCUdude_corefiles/wiring.c:224
  SREG = oldSREG;
     af0:	8f bf       	out	0x3f, r24	; 63
_ZN7MCP25157setModeENS_18CANCTRL_REQOP_MODEE.constprop.23():
c:\Users\jasmine\Documents\Arduino\libraries\autowp-mcp2515/mcp2515.cpp:189

    unsigned long endTime = millis() + 10;
     af2:	8a e0       	ldi	r24, 0x0A	; 10
     af4:	c8 0e       	add	r12, r24
     af6:	d1 1c       	adc	r13, r1
     af8:	e1 1c       	adc	r14, r1
     afa:	f1 1c       	adc	r15, r1
millis():
C:\Users\jasmine\AppData\Local\Arduino15\packages\MiniCore\hardware\avr\3.1.2\cores\MCUdude_corefiles/wiring.c:218
}

unsigned long millis()
{
  unsigned long m;
  uint8_t oldSREG = SREG;
     afc:	2f b7       	in	r18, 0x3f	; 63
C:\Users\jasmine\AppData\Local\Arduino15\packages\MiniCore\hardware\avr\3.1.2\cores\MCUdude_corefiles/wiring.c:222

  // disable interrupts while we read timer0_millis or we might get an
  // inconsistent value (e.g. in the middle of a write to timer0_millis)
  cli();
     afe:	f8 94       	cli
C:\Users\jasmine\AppData\Local\Arduino15\packages\MiniCore\hardware\avr\3.1.2\cores\MCUdude_corefiles/wiring.c:223
  m = timer0_millis;
     b00:	80 91 e3 01 	lds	r24, 0x01E3	; 0x8001e3 <timer0_millis>
     b04:	90 91 e4 01 	lds	r25, 0x01E4	; 0x8001e4 <timer0_millis+0x1>
     b08:	a0 91 e5 01 	lds	r26, 0x01E5	; 0x8001e5 <timer0_millis+0x2>
     b0c:	b0 91 e6 01 	lds	r27, 0x01E6	; 0x8001e6 <timer0_millis+0x3>
C:\Users\jasmine\AppData\Local\Arduino15\packages\MiniCore\hardware\avr\3.1.2\cores\MCUdude_corefiles/wiring.c:224
  SREG = oldSREG;
     b10:	2f bf       	out	0x3f, r18	; 63
_ZN7MCP25157setModeENS_18CANCTRL_REQOP_MODEE.constprop.23():
c:\Users\jasmine\Documents\Arduino\libraries\autowp-mcp2515/mcp2515.cpp:191
    bool modeMatch = false;
    while (millis() < endTime) {
     b12:	8c 15       	cp	r24, r12
     b14:	9d 05       	cpc	r25, r13
     b16:	ae 05       	cpc	r26, r14
     b18:	bf 05       	cpc	r27, r15
     b1a:	80 f4       	brcc	.+32     	; 0xb3c <MCP2515::setMode(MCP2515::CANCTRL_REQOP_MODE) [clone .constprop.23]+0x76>
c:\Users\jasmine\Documents\Arduino\libraries\autowp-mcp2515/mcp2515.cpp:192
        uint8_t newmode = readRegister(MCP_CANSTAT);
     b1c:	8e e0       	ldi	r24, 0x0E	; 14
     b1e:	0e 94 37 05 	call	0xa6e	; 0xa6e <MCP2515::readRegister(MCP2515::REGISTER) [clone .constprop.25]>
c:\Users\jasmine\Documents\Arduino\libraries\autowp-mcp2515/mcp2515.cpp:193
        newmode &= CANSTAT_OPMOD;
     b22:	80 7e       	andi	r24, 0xE0	; 224
c:\Users\jasmine\Documents\Arduino\libraries\autowp-mcp2515/mcp2515.cpp:197

        modeMatch = newmode == mode;

        if (modeMatch) {
     b24:	c8 13       	cpse	r28, r24
     b26:	ea cf       	rjmp	.-44     	; 0xafc <MCP2515::setMode(MCP2515::CANCTRL_REQOP_MODE) [clone .constprop.23]+0x36>
c:\Users\jasmine\Documents\Arduino\libraries\autowp-mcp2515/mcp2515.cpp:195
    bool modeMatch = false;
    while (millis() < endTime) {
        uint8_t newmode = readRegister(MCP_CANSTAT);
        newmode &= CANSTAT_OPMOD;

        modeMatch = newmode == mode;
     b28:	81 e0       	ldi	r24, 0x01	; 1
c:\Users\jasmine\Documents\Arduino\libraries\autowp-mcp2515/mcp2515.cpp:202
        if (modeMatch) {
            break;
        }
    }

    return modeMatch ? ERROR_OK : ERROR_FAIL;
     b2a:	91 e0       	ldi	r25, 0x01	; 1
     b2c:	89 27       	eor	r24, r25
c:\Users\jasmine\Documents\Arduino\libraries\autowp-mcp2515/mcp2515.cpp:204

}
     b2e:	90 e0       	ldi	r25, 0x00	; 0
     b30:	cf 91       	pop	r28
     b32:	ff 90       	pop	r15
     b34:	ef 90       	pop	r14
     b36:	df 90       	pop	r13
     b38:	cf 90       	pop	r12
     b3a:	08 95       	ret
c:\Users\jasmine\Documents\Arduino\libraries\autowp-mcp2515/mcp2515.cpp:191
{
    modifyRegister(MCP_CANCTRL, CANCTRL_REQOP | CANCTRL_OSM, mode);

    unsigned long endTime = millis() + 10;
    bool modeMatch = false;
    while (millis() < endTime) {
     b3c:	80 e0       	ldi	r24, 0x00	; 0
     b3e:	f5 cf       	rjmp	.-22     	; 0xb2a <MCP2515::setMode(MCP2515::CANCTRL_REQOP_MODE) [clone .constprop.23]+0x64>

00000b40 <MCP2515::setRegister(MCP2515::REGISTER, unsigned char) [clone .constprop.21]>:
_ZN7MCP251511setRegisterENS_8REGISTEREh.constprop.21():
c:\Users\jasmine\Documents\Arduino\libraries\autowp-mcp2515/mcp2515.cpp:115
        values[i] = SPIn->transfer(0x00);
    }
    endSPI();
}

void MCP2515::setRegister(const REGISTER reg, const uint8_t value)
     b40:	cf 93       	push	r28
     b42:	df 93       	push	r29
     b44:	d8 2f       	mov	r29, r24
     b46:	c6 2f       	mov	r28, r22
c:\Users\jasmine\Documents\Arduino\libraries\autowp-mcp2515/mcp2515.cpp:117
{
    startSPI();
     b48:	0e 94 0d 05 	call	0xa1a	; 0xa1a <MCP2515::startSPI() [clone .constprop.26]>
c:\Users\jasmine\Documents\Arduino\libraries\autowp-mcp2515/mcp2515.cpp:118
    SPIn->transfer(INSTRUCTION_WRITE);
     b4c:	82 e0       	ldi	r24, 0x02	; 2
     b4e:	0e 94 a5 04 	call	0x94a	; 0x94a <SPIClass::transfer(unsigned char)>
c:\Users\jasmine\Documents\Arduino\libraries\autowp-mcp2515/mcp2515.cpp:119
    SPIn->transfer(reg);
     b52:	8d 2f       	mov	r24, r29
     b54:	0e 94 a5 04 	call	0x94a	; 0x94a <SPIClass::transfer(unsigned char)>
c:\Users\jasmine\Documents\Arduino\libraries\autowp-mcp2515/mcp2515.cpp:120
    SPIn->transfer(value);
     b58:	8c 2f       	mov	r24, r28
     b5a:	0e 94 a5 04 	call	0x94a	; 0x94a <SPIClass::transfer(unsigned char)>
c:\Users\jasmine\Documents\Arduino\libraries\autowp-mcp2515/mcp2515.cpp:122
    endSPI();
}
     b5e:	df 91       	pop	r29
     b60:	cf 91       	pop	r28
c:\Users\jasmine\Documents\Arduino\libraries\autowp-mcp2515/mcp2515.cpp:121
{
    startSPI();
    SPIn->transfer(INSTRUCTION_WRITE);
    SPIn->transfer(reg);
    SPIn->transfer(value);
    endSPI();
     b62:	0c 94 b5 03 	jmp	0x76a	; 0x76a <MCP2515::endSPI() [clone .constprop.29]>

00000b66 <MCP2515::setRegisters(MCP2515::REGISTER, unsigned char const*, unsigned char) [clone .constprop.17]>:
_ZN7MCP251512setRegistersENS_8REGISTEREPKhh.constprop.17():
c:\Users\jasmine\Documents\Arduino\libraries\autowp-mcp2515/mcp2515.cpp:124
}

void MCP2515::setRegisters(const REGISTER reg, const uint8_t values[], const uint8_t n)
     b66:	ff 92       	push	r15
     b68:	0f 93       	push	r16
     b6a:	1f 93       	push	r17
     b6c:	cf 93       	push	r28
     b6e:	df 93       	push	r29
     b70:	c8 2f       	mov	r28, r24
     b72:	f6 2e       	mov	r15, r22
     b74:	17 2f       	mov	r17, r23
     b76:	04 2f       	mov	r16, r20
c:\Users\jasmine\Documents\Arduino\libraries\autowp-mcp2515/mcp2515.cpp:126
{
    startSPI();
     b78:	0e 94 0d 05 	call	0xa1a	; 0xa1a <MCP2515::startSPI() [clone .constprop.26]>
c:\Users\jasmine\Documents\Arduino\libraries\autowp-mcp2515/mcp2515.cpp:127
    SPIn->transfer(INSTRUCTION_WRITE);
     b7c:	82 e0       	ldi	r24, 0x02	; 2
     b7e:	0e 94 a5 04 	call	0x94a	; 0x94a <SPIClass::transfer(unsigned char)>
c:\Users\jasmine\Documents\Arduino\libraries\autowp-mcp2515/mcp2515.cpp:128
    SPIn->transfer(reg);
     b82:	8c 2f       	mov	r24, r28
     b84:	0e 94 a5 04 	call	0x94a	; 0x94a <SPIClass::transfer(unsigned char)>
     b88:	cf 2d       	mov	r28, r15
     b8a:	d1 2f       	mov	r29, r17
     b8c:	0c 0f       	add	r16, r28
     b8e:	1d 2f       	mov	r17, r29
     b90:	11 1d       	adc	r17, r1
c:\Users\jasmine\Documents\Arduino\libraries\autowp-mcp2515/mcp2515.cpp:129
    for (uint8_t i=0; i<n; i++) {
     b92:	c0 17       	cp	r28, r16
     b94:	d1 07       	cpc	r29, r17
     b96:	21 f0       	breq	.+8      	; 0xba0 <MCP2515::setRegisters(MCP2515::REGISTER, unsigned char const*, unsigned char) [clone .constprop.17]+0x3a>
c:\Users\jasmine\Documents\Arduino\libraries\autowp-mcp2515/mcp2515.cpp:130
        SPIn->transfer(values[i]);
     b98:	89 91       	ld	r24, Y+
     b9a:	0e 94 a5 04 	call	0x94a	; 0x94a <SPIClass::transfer(unsigned char)>
     b9e:	f9 cf       	rjmp	.-14     	; 0xb92 <MCP2515::setRegisters(MCP2515::REGISTER, unsigned char const*, unsigned char) [clone .constprop.17]+0x2c>
c:\Users\jasmine\Documents\Arduino\libraries\autowp-mcp2515/mcp2515.cpp:133
    }
    endSPI();
}
     ba0:	df 91       	pop	r29
     ba2:	cf 91       	pop	r28
     ba4:	1f 91       	pop	r17
     ba6:	0f 91       	pop	r16
     ba8:	ff 90       	pop	r15
c:\Users\jasmine\Documents\Arduino\libraries\autowp-mcp2515/mcp2515.cpp:132
    SPIn->transfer(INSTRUCTION_WRITE);
    SPIn->transfer(reg);
    for (uint8_t i=0; i<n; i++) {
        SPIn->transfer(values[i]);
    }
    endSPI();
     baa:	0c 94 b5 03 	jmp	0x76a	; 0x76a <MCP2515::endSPI() [clone .constprop.29]>

00000bae <MCP2515::sendMessage(can_frame const*) [clone .constprop.7]>:
_ZN7MCP251511sendMessageEPK9can_frame.constprop.7():
c:\Users\jasmine\Documents\Arduino\libraries\autowp-mcp2515/mcp2515.cpp:628
        return ERROR_FAILTX;
    }
    return ERROR_OK;
}

MCP2515::ERROR MCP2515::sendMessage(const struct can_frame *frame)
     bae:	4f 92       	push	r4
     bb0:	5f 92       	push	r5
     bb2:	6f 92       	push	r6
     bb4:	7f 92       	push	r7
     bb6:	8f 92       	push	r8
     bb8:	9f 92       	push	r9
     bba:	af 92       	push	r10
     bbc:	bf 92       	push	r11
     bbe:	cf 92       	push	r12
     bc0:	df 92       	push	r13
     bc2:	ef 92       	push	r14
     bc4:	ff 92       	push	r15
     bc6:	0f 93       	push	r16
     bc8:	1f 93       	push	r17
     bca:	cf 93       	push	r28
     bcc:	df 93       	push	r29
     bce:	cd b7       	in	r28, 0x3d	; 61
     bd0:	de b7       	in	r29, 0x3e	; 62
     bd2:	63 97       	sbiw	r28, 0x13	; 19
     bd4:	0f b6       	in	r0, 0x3f	; 63
     bd6:	f8 94       	cli
     bd8:	de bf       	out	0x3e, r29	; 62
     bda:	0f be       	out	0x3f, r0	; 63
     bdc:	cd bf       	out	0x3d, r28	; 61
c:\Users\jasmine\Documents\Arduino\libraries\autowp-mcp2515/mcp2515.cpp:630
{
    if (frame->can_dlc > CAN_MAX_DLEN) {
     bde:	fc 01       	movw	r30, r24
     be0:	24 81       	ldd	r18, Z+4	; 0x04
     be2:	29 30       	cpi	r18, 0x09	; 9
     be4:	08 f0       	brcs	.+2      	; 0xbe8 <MCP2515::sendMessage(can_frame const*) [clone .constprop.7]+0x3a>
     be6:	8d c0       	rjmp	.+282    	; 0xd02 <MCP2515::sendMessage(can_frame const*) [clone .constprop.7]+0x154>
     be8:	5c 01       	movw	r10, r24
c:\Users\jasmine\Documents\Arduino\libraries\autowp-mcp2515/mcp2515.cpp:634
        return ERROR_FAILTX;
    }

    TXBn txBuffers[N_TXBUFFERS] = {TXB0, TXB1, TXB2};
     bea:	86 e0       	ldi	r24, 0x06	; 6
     bec:	e0 e0       	ldi	r30, 0x00	; 0
     bee:	f1 e0       	ldi	r31, 0x01	; 1
     bf0:	de 01       	movw	r26, r28
     bf2:	1e 96       	adiw	r26, 0x0e	; 14
     bf4:	01 90       	ld	r0, Z+
     bf6:	0d 92       	st	X+, r0
     bf8:	8a 95       	dec	r24
     bfa:	e1 f7       	brne	.-8      	; 0xbf4 <MCP2515::sendMessage(can_frame const*) [clone .constprop.7]+0x46>
     bfc:	3e 01       	movw	r6, r28
     bfe:	fe e0       	ldi	r31, 0x0E	; 14
     c00:	6f 0e       	add	r6, r31
     c02:	71 1c       	adc	r7, r1
     c04:	8e 01       	movw	r16, r28
     c06:	0c 5e       	subi	r16, 0xEC	; 236
     c08:	1f 4f       	sbci	r17, 0xFF	; 255
c:\Users\jasmine\Documents\Arduino\libraries\autowp-mcp2515/mcp2515.cpp:637

    for (int i=0; i<N_TXBUFFERS; i++) {
        const struct TXBn_REGS *txbuf = &TXB[txBuffers[i]];
     c0a:	f3 01       	movw	r30, r6
     c0c:	c1 90       	ld	r12, Z+
     c0e:	d1 90       	ld	r13, Z+
     c10:	3f 01       	movw	r6, r30
c:\Users\jasmine\Documents\Arduino\libraries\autowp-mcp2515/mcp2515.cpp:638
        uint8_t ctrlval = readRegister(txbuf->CTRL);
     c12:	76 01       	movw	r14, r12
     c14:	ee 0c       	add	r14, r14
     c16:	ff 1c       	adc	r15, r15
     c18:	f7 01       	movw	r30, r14
     c1a:	ec 0d       	add	r30, r12
     c1c:	fd 1d       	adc	r31, r13
     c1e:	ee 5e       	subi	r30, 0xEE	; 238
     c20:	fe 4f       	sbci	r31, 0xFE	; 254
     c22:	80 80       	ld	r8, Z
     c24:	88 2d       	mov	r24, r8
     c26:	0e 94 37 05 	call	0xa6e	; 0xa6e <MCP2515::readRegister(MCP2515::REGISTER) [clone .constprop.25]>
c:\Users\jasmine\Documents\Arduino\libraries\autowp-mcp2515/mcp2515.cpp:639
        if ( (ctrlval & TXB_TXREQ) == 0 ) {
     c2a:	83 fd       	sbrc	r24, 3
     c2c:	96 c0       	rjmp	.+300    	; 0xd5a <MCP2515::sendMessage(can_frame const*) [clone .constprop.7]+0x1ac>
sendMessage():
c:\Users\jasmine\Documents\Arduino\libraries\autowp-mcp2515/mcp2515.cpp:599
    return ERROR_OK;
}

MCP2515::ERROR MCP2515::sendMessage(const TXBn txbn, const struct can_frame *frame)
{
    if (frame->can_dlc > CAN_MAX_DLEN) {
     c2e:	f5 01       	movw	r30, r10
     c30:	94 80       	ldd	r9, Z+4	; 0x04
     c32:	f8 e0       	ldi	r31, 0x08	; 8
     c34:	f9 15       	cp	r31, r9
     c36:	08 f4       	brcc	.+2      	; 0xc3a <MCP2515::sendMessage(can_frame const*) [clone .constprop.7]+0x8c>
     c38:	64 c0       	rjmp	.+200    	; 0xd02 <MCP2515::sendMessage(can_frame const*) [clone .constprop.7]+0x154>
c:\Users\jasmine\Documents\Arduino\libraries\autowp-mcp2515/mcp2515.cpp:607

    const struct TXBn_REGS *txbuf = &TXB[txbn];

    uint8_t data[13];

    bool ext = (frame->can_id & CAN_EFF_FLAG);
     c3a:	f5 01       	movw	r30, r10
     c3c:	00 81       	ld	r16, Z
     c3e:	11 81       	ldd	r17, Z+1	; 0x01
     c40:	22 81       	ldd	r18, Z+2	; 0x02
     c42:	33 81       	ldd	r19, Z+3	; 0x03
     c44:	b9 01       	movw	r22, r18
     c46:	a8 01       	movw	r20, r16
     c48:	44 27       	eor	r20, r20
     c4a:	77 fd       	sbrc	r23, 7
     c4c:	43 95       	inc	r20
     c4e:	55 27       	eor	r21, r21
     c50:	66 27       	eor	r22, r22
     c52:	77 27       	eor	r23, r23
c:\Users\jasmine\Documents\Arduino\libraries\autowp-mcp2515/mcp2515.cpp:608
    bool rtr = (frame->can_id & CAN_RTR_FLAG);
     c54:	d9 01       	movw	r26, r18
     c56:	c8 01       	movw	r24, r16
     c58:	88 27       	eor	r24, r24
     c5a:	99 27       	eor	r25, r25
     c5c:	aa 27       	eor	r26, r26
     c5e:	b0 74       	andi	r27, 0x40	; 64
_ZN7MCP251511sendMessageEPK9can_frame.constprop.7():
c:\Users\jasmine\Documents\Arduino\libraries\autowp-mcp2515/mcp2515.cpp:609
    uint32_t id = (frame->can_id & (ext ? CAN_EFF_MASK : CAN_SFF_MASK));
     c60:	44 24       	eor	r4, r4
     c62:	4a 94       	dec	r4
     c64:	54 2c       	mov	r5, r4
     c66:	64 2c       	mov	r6, r4
     c68:	7f e1       	ldi	r23, 0x1F	; 31
     c6a:	77 2e       	mov	r7, r23
sendMessage():
     c6c:	41 11       	cpse	r20, r1
     c6e:	06 c0       	rjmp	.+12     	; 0xc7c <MCP2515::sendMessage(can_frame const*) [clone .constprop.7]+0xce>
_ZN7MCP251511sendMessageEPK9can_frame.constprop.7():
     c70:	44 24       	eor	r4, r4
     c72:	4a 94       	dec	r4
     c74:	67 e0       	ldi	r22, 0x07	; 7
     c76:	56 2e       	mov	r5, r22
     c78:	61 2c       	mov	r6, r1
     c7a:	71 2c       	mov	r7, r1
sendMessage():
     c7c:	04 21       	and	r16, r4
     c7e:	15 21       	and	r17, r5
     c80:	26 21       	and	r18, r6
     c82:	37 21       	and	r19, r7
prepareId():
c:\Users\jasmine\Documents\Arduino\libraries\autowp-mcp2515/mcp2515.cpp:531

void MCP2515::prepareId(uint8_t *buffer, const bool ext, const uint32_t id)
{
    uint16_t canid = (uint16_t)(id & 0x0FFFF);

    if (ext) {
     c84:	44 23       	and	r20, r20
     c86:	09 f4       	brne	.+2      	; 0xc8a <MCP2515::sendMessage(can_frame const*) [clone .constprop.7]+0xdc>
     c88:	3f c0       	rjmp	.+126    	; 0xd08 <MCP2515::sendMessage(can_frame const*) [clone .constprop.7]+0x15a>
c:\Users\jasmine\Documents\Arduino\libraries\autowp-mcp2515/mcp2515.cpp:532
        buffer[MCP_EID0] = (uint8_t) (canid & 0xFF);
     c8a:	0c 83       	std	Y+4, r16	; 0x04
c:\Users\jasmine\Documents\Arduino\libraries\autowp-mcp2515/mcp2515.cpp:533
        buffer[MCP_EID8] = (uint8_t) (canid >> 8);
     c8c:	1b 83       	std	Y+3, r17	; 0x03
c:\Users\jasmine\Documents\Arduino\libraries\autowp-mcp2515/mcp2515.cpp:534
        canid = (uint16_t)(id >> 16);
     c8e:	89 01       	movw	r16, r18
     c90:	22 27       	eor	r18, r18
     c92:	33 27       	eor	r19, r19
c:\Users\jasmine\Documents\Arduino\libraries\autowp-mcp2515/mcp2515.cpp:536
        buffer[MCP_SIDL] = (uint8_t) (canid & 0x03);
        buffer[MCP_SIDL] += (uint8_t) ((canid & 0x1C) << 3);
     c94:	40 2f       	mov	r20, r16
     c96:	44 0f       	add	r20, r20
     c98:	44 0f       	add	r20, r20
     c9a:	44 0f       	add	r20, r20
     c9c:	40 7e       	andi	r20, 0xE0	; 224
c:\Users\jasmine\Documents\Arduino\libraries\autowp-mcp2515/mcp2515.cpp:535

    if (ext) {
        buffer[MCP_EID0] = (uint8_t) (canid & 0xFF);
        buffer[MCP_EID8] = (uint8_t) (canid >> 8);
        canid = (uint16_t)(id >> 16);
        buffer[MCP_SIDL] = (uint8_t) (canid & 0x03);
     c9e:	50 2f       	mov	r21, r16
     ca0:	53 70       	andi	r21, 0x03	; 3
c:\Users\jasmine\Documents\Arduino\libraries\autowp-mcp2515/mcp2515.cpp:537
        buffer[MCP_SIDL] += (uint8_t) ((canid & 0x1C) << 3);
        buffer[MCP_SIDL] |= TXB_EXIDE_MASK;
     ca2:	58 60       	ori	r21, 0x08	; 8
     ca4:	45 2b       	or	r20, r21
     ca6:	4a 83       	std	Y+2, r20	; 0x02
c:\Users\jasmine\Documents\Arduino\libraries\autowp-mcp2515/mcp2515.cpp:538
        buffer[MCP_SIDH] = (uint8_t) (canid >> 5);
     ca8:	55 e0       	ldi	r21, 0x05	; 5
     caa:	16 95       	lsr	r17
     cac:	07 95       	ror	r16
     cae:	5a 95       	dec	r21
     cb0:	e1 f7       	brne	.-8      	; 0xcaa <MCP2515::sendMessage(can_frame const*) [clone .constprop.7]+0xfc>
     cb2:	09 83       	std	Y+1, r16	; 0x01
sendMessage():
c:\Users\jasmine\Documents\Arduino\libraries\autowp-mcp2515/mcp2515.cpp:613
    bool rtr = (frame->can_id & CAN_RTR_FLAG);
    uint32_t id = (frame->can_id & (ext ? CAN_EFF_MASK : CAN_SFF_MASK));

    prepareId(data, ext, id);

    data[MCP_DLC] = rtr ? (frame->can_dlc | RTR_MASK) : frame->can_dlc;
     cb4:	89 2b       	or	r24, r25
     cb6:	8a 2b       	or	r24, r26
     cb8:	8b 2b       	or	r24, r27
     cba:	a1 f1       	breq	.+104    	; 0xd24 <MCP2515::sendMessage(can_frame const*) [clone .constprop.7]+0x176>
     cbc:	89 2d       	mov	r24, r9
     cbe:	80 64       	ori	r24, 0x40	; 64
     cc0:	8d 83       	std	Y+5, r24	; 0x05
c:\Users\jasmine\Documents\Arduino\libraries\autowp-mcp2515/mcp2515.cpp:615

    memcpy(&data[MCP_DATA], frame->data, frame->can_dlc);
     cc2:	49 2d       	mov	r20, r9
     cc4:	50 e0       	ldi	r21, 0x00	; 0
     cc6:	b5 01       	movw	r22, r10
     cc8:	68 5f       	subi	r22, 0xF8	; 248
     cca:	7f 4f       	sbci	r23, 0xFF	; 255
     ccc:	ce 01       	movw	r24, r28
     cce:	06 96       	adiw	r24, 0x06	; 6
     cd0:	0e 94 0f 0c 	call	0x181e	; 0x181e <memcpy>
c:\Users\jasmine\Documents\Arduino\libraries\autowp-mcp2515/mcp2515.cpp:617

    setRegisters(txbuf->SIDH, data, 5 + frame->can_dlc);
     cd4:	45 e0       	ldi	r20, 0x05	; 5
     cd6:	49 0d       	add	r20, r9
     cd8:	f7 01       	movw	r30, r14
     cda:	ec 0d       	add	r30, r12
     cdc:	fd 1d       	adc	r31, r13
     cde:	ee 5e       	subi	r30, 0xEE	; 238
     ce0:	fe 4f       	sbci	r31, 0xFE	; 254
     ce2:	be 01       	movw	r22, r28
     ce4:	6f 5f       	subi	r22, 0xFF	; 255
     ce6:	7f 4f       	sbci	r23, 0xFF	; 255
     ce8:	81 81       	ldd	r24, Z+1	; 0x01
     cea:	0e 94 b3 05 	call	0xb66	; 0xb66 <MCP2515::setRegisters(MCP2515::REGISTER, unsigned char const*, unsigned char) [clone .constprop.17]>
c:\Users\jasmine\Documents\Arduino\libraries\autowp-mcp2515/mcp2515.cpp:619

    modifyRegister(txbuf->CTRL, TXB_TXREQ, TXB_TXREQ);
     cee:	48 e0       	ldi	r20, 0x08	; 8
     cf0:	68 e0       	ldi	r22, 0x08	; 8
     cf2:	88 2d       	mov	r24, r8
     cf4:	0e 94 4a 05 	call	0xa94	; 0xa94 <MCP2515::modifyRegister(MCP2515::REGISTER, unsigned char, unsigned char) [clone .constprop.24]>
c:\Users\jasmine\Documents\Arduino\libraries\autowp-mcp2515/mcp2515.cpp:621

    uint8_t ctrl = readRegister(txbuf->CTRL);
     cf8:	88 2d       	mov	r24, r8
     cfa:	0e 94 37 05 	call	0xa6e	; 0xa6e <MCP2515::readRegister(MCP2515::REGISTER) [clone .constprop.25]>
c:\Users\jasmine\Documents\Arduino\libraries\autowp-mcp2515/mcp2515.cpp:622
    if ((ctrl & (TXB_ABTF | TXB_MLOA | TXB_TXERR)) != 0) {
     cfe:	80 77       	andi	r24, 0x70	; 112
     d00:	99 f0       	breq	.+38     	; 0xd28 <MCP2515::sendMessage(can_frame const*) [clone .constprop.7]+0x17a>
_ZN7MCP251511sendMessageEPK9can_frame.constprop.7():
c:\Users\jasmine\Documents\Arduino\libraries\autowp-mcp2515/mcp2515.cpp:631
}

MCP2515::ERROR MCP2515::sendMessage(const struct can_frame *frame)
{
    if (frame->can_dlc > CAN_MAX_DLEN) {
        return ERROR_FAILTX;
     d02:	84 e0       	ldi	r24, 0x04	; 4
     d04:	90 e0       	ldi	r25, 0x00	; 0
     d06:	12 c0       	rjmp	.+36     	; 0xd2c <MCP2515::sendMessage(can_frame const*) [clone .constprop.7]+0x17e>
prepareId():
c:\Users\jasmine\Documents\Arduino\libraries\autowp-mcp2515/mcp2515.cpp:540
        buffer[MCP_SIDL] = (uint8_t) (canid & 0x03);
        buffer[MCP_SIDL] += (uint8_t) ((canid & 0x1C) << 3);
        buffer[MCP_SIDL] |= TXB_EXIDE_MASK;
        buffer[MCP_SIDH] = (uint8_t) (canid >> 5);
    } else {
        buffer[MCP_SIDH] = (uint8_t) (canid >> 3);
     d08:	a8 01       	movw	r20, r16
     d0a:	23 e0       	ldi	r18, 0x03	; 3
     d0c:	56 95       	lsr	r21
     d0e:	47 95       	ror	r20
     d10:	2a 95       	dec	r18
     d12:	e1 f7       	brne	.-8      	; 0xd0c <MCP2515::sendMessage(can_frame const*) [clone .constprop.7]+0x15e>
     d14:	49 83       	std	Y+1, r20	; 0x01
c:\Users\jasmine\Documents\Arduino\libraries\autowp-mcp2515/mcp2515.cpp:541
        buffer[MCP_SIDL] = (uint8_t) ((canid & 0x07 ) << 5);
     d16:	02 95       	swap	r16
     d18:	00 0f       	add	r16, r16
     d1a:	00 7e       	andi	r16, 0xE0	; 224
     d1c:	0a 83       	std	Y+2, r16	; 0x02
c:\Users\jasmine\Documents\Arduino\libraries\autowp-mcp2515/mcp2515.cpp:542
        buffer[MCP_EID0] = 0;
     d1e:	1c 82       	std	Y+4, r1	; 0x04
c:\Users\jasmine\Documents\Arduino\libraries\autowp-mcp2515/mcp2515.cpp:543
        buffer[MCP_EID8] = 0;
     d20:	1b 82       	std	Y+3, r1	; 0x03
     d22:	c8 cf       	rjmp	.-112    	; 0xcb4 <MCP2515::sendMessage(can_frame const*) [clone .constprop.7]+0x106>
sendMessage():
c:\Users\jasmine\Documents\Arduino\libraries\autowp-mcp2515/mcp2515.cpp:613
    bool rtr = (frame->can_id & CAN_RTR_FLAG);
    uint32_t id = (frame->can_id & (ext ? CAN_EFF_MASK : CAN_SFF_MASK));

    prepareId(data, ext, id);

    data[MCP_DLC] = rtr ? (frame->can_dlc | RTR_MASK) : frame->can_dlc;
     d24:	89 2d       	mov	r24, r9
     d26:	cc cf       	rjmp	.-104    	; 0xcc0 <MCP2515::sendMessage(can_frame const*) [clone .constprop.7]+0x112>
_ZN7MCP251511sendMessageEPK9can_frame.constprop.7():
c:\Users\jasmine\Documents\Arduino\libraries\autowp-mcp2515/mcp2515.cpp:625

    uint8_t ctrl = readRegister(txbuf->CTRL);
    if ((ctrl & (TXB_ABTF | TXB_MLOA | TXB_TXERR)) != 0) {
        return ERROR_FAILTX;
    }
    return ERROR_OK;
     d28:	90 e0       	ldi	r25, 0x00	; 0
     d2a:	80 e0       	ldi	r24, 0x00	; 0
c:\Users\jasmine\Documents\Arduino\libraries\autowp-mcp2515/mcp2515.cpp:645
            return sendMessage(txBuffers[i], frame);
        }
    }

    return ERROR_ALLTXBUSY;
}
     d2c:	63 96       	adiw	r28, 0x13	; 19
     d2e:	0f b6       	in	r0, 0x3f	; 63
     d30:	f8 94       	cli
     d32:	de bf       	out	0x3e, r29	; 62
     d34:	0f be       	out	0x3f, r0	; 63
     d36:	cd bf       	out	0x3d, r28	; 61
     d38:	df 91       	pop	r29
     d3a:	cf 91       	pop	r28
     d3c:	1f 91       	pop	r17
     d3e:	0f 91       	pop	r16
     d40:	ff 90       	pop	r15
     d42:	ef 90       	pop	r14
     d44:	df 90       	pop	r13
     d46:	cf 90       	pop	r12
     d48:	bf 90       	pop	r11
     d4a:	af 90       	pop	r10
     d4c:	9f 90       	pop	r9
     d4e:	8f 90       	pop	r8
     d50:	7f 90       	pop	r7
     d52:	6f 90       	pop	r6
     d54:	5f 90       	pop	r5
     d56:	4f 90       	pop	r4
     d58:	08 95       	ret
c:\Users\jasmine\Documents\Arduino\libraries\autowp-mcp2515/mcp2515.cpp:636
        return ERROR_FAILTX;
    }

    TXBn txBuffers[N_TXBUFFERS] = {TXB0, TXB1, TXB2};

    for (int i=0; i<N_TXBUFFERS; i++) {
     d5a:	60 16       	cp	r6, r16
     d5c:	71 06       	cpc	r7, r17
     d5e:	09 f0       	breq	.+2      	; 0xd62 <MCP2515::sendMessage(can_frame const*) [clone .constprop.7]+0x1b4>
     d60:	54 cf       	rjmp	.-344    	; 0xc0a <MCP2515::sendMessage(can_frame const*) [clone .constprop.7]+0x5c>
c:\Users\jasmine\Documents\Arduino\libraries\autowp-mcp2515/mcp2515.cpp:644
        if ( (ctrlval & TXB_TXREQ) == 0 ) {
            return sendMessage(txBuffers[i], frame);
        }
    }

    return ERROR_ALLTXBUSY;
     d62:	82 e0       	ldi	r24, 0x02	; 2
     d64:	90 e0       	ldi	r25, 0x00	; 0
     d66:	e2 cf       	rjmp	.-60     	; 0xd2c <MCP2515::sendMessage(can_frame const*) [clone .constprop.7]+0x17e>

00000d68 <MPU6050::readGyro()>:
_ZN7MPU60508readGyroEv():
C:\Users\jasmine\Documents\GitHub\GEN6_ELEC\SSRU_v4.0\SSRU_v4.0/mpu6050.cpp:23
};

// reads gyroscope data
MPUreadings MPU6050::readGyro(){
     d68:	cf 92       	push	r12
     d6a:	df 92       	push	r13
     d6c:	ef 92       	push	r14
     d6e:	ff 92       	push	r15
     d70:	0f 93       	push	r16
     d72:	1f 93       	push	r17
     d74:	cf 93       	push	r28
     d76:	df 93       	push	r29
     d78:	8c 01       	movw	r16, r24
C:\Users\jasmine\Documents\GitHub\GEN6_ELEC\SSRU_v4.0\SSRU_v4.0/mpu6050.cpp:25
    MPUreadings gyro;
    Wire.beginTransmission(address); 
     d7a:	fc 01       	movw	r30, r24
     d7c:	80 81       	ld	r24, Z
beginTransmission():
C:\Users\jasmine\AppData\Local\Arduino15\packages\MiniCore\hardware\avr\3.1.2\libraries\Wire\src/Wire.cpp:196
}

void TwoWire::beginTransmission(uint8_t address)
{
  // indicate that we are transmitting
  transmitting = 1;
     d7e:	91 e0       	ldi	r25, 0x01	; 1
     d80:	90 93 f0 01 	sts	0x01F0, r25	; 0x8001f0 <TwoWire::transmitting>
C:\Users\jasmine\AppData\Local\Arduino15\packages\MiniCore\hardware\avr\3.1.2\libraries\Wire\src/Wire.cpp:198
  // set address of targeted slave
  txAddress = address;
     d84:	80 93 12 02 	sts	0x0212, r24	; 0x800212 <TwoWire::txAddress>
C:\Users\jasmine\AppData\Local\Arduino15\packages\MiniCore\hardware\avr\3.1.2\libraries\Wire\src/Wire.cpp:200
  // reset tx buffer iterator vars
  txBufferIndex = 0;
     d88:	10 92 f1 01 	sts	0x01F1, r1	; 0x8001f1 <TwoWire::txBufferIndex>
C:\Users\jasmine\AppData\Local\Arduino15\packages\MiniCore\hardware\avr\3.1.2\libraries\Wire\src/Wire.cpp:201
  txBufferLength = 0;
     d8c:	10 92 13 02 	sts	0x0213, r1	; 0x800213 <TwoWire::txBufferLength>
_ZN7MPU60508readGyroEv():
C:\Users\jasmine\Documents\GitHub\GEN6_ELEC\SSRU_v4.0\SSRU_v4.0/mpu6050.cpp:26
    Wire.write(GYRO_XOUT_H); // used as starting address to read all other values
     d90:	83 e4       	ldi	r24, 0x43	; 67
     d92:	90 e0       	ldi	r25, 0x00	; 0
     d94:	0e 94 9d 04 	call	0x93a	; 0x93a <TwoWire::write(int) [clone .constprop.34]>
C:\Users\jasmine\Documents\GitHub\GEN6_ELEC\SSRU_v4.0\SSRU_v4.0/mpu6050.cpp:27
    Wire.endTransmission(false);
     d98:	80 e0       	ldi	r24, 0x00	; 0
     d9a:	0e 94 ab 02 	call	0x556	; 0x556 <TwoWire::endTransmission(unsigned char) [clone .constprop.35]>
twi_readFrom():
     d9e:	41 e0       	ldi	r20, 0x01	; 1
     da0:	66 e0       	ldi	r22, 0x06	; 6
     da2:	f8 01       	movw	r30, r16
     da4:	80 81       	ld	r24, Z
     da6:	0e 94 29 03 	call	0x652	; 0x652 <twi_readFrom.part.0.constprop.5>
requestFrom():
C:\Users\jasmine\AppData\Local\Arduino15\packages\MiniCore\hardware\avr\3.1.2\libraries\Wire\src/Wire.cpp:120
    quantity = TWI_BUFFER_SIZE;
  }
  // perform blocking read into buffer
  uint8_t read = twi_readFrom(address, rxBuffer, quantity, sendStop);
  // set rx buffer iterator vars
  rxBufferIndex = 0;
     daa:	10 92 e2 01 	sts	0x01E2, r1	; 0x8001e2 <TwoWire::rxBufferIndex>
C:\Users\jasmine\AppData\Local\Arduino15\packages\MiniCore\hardware\avr\3.1.2\libraries\Wire\src/Wire.cpp:121
  rxBufferLength = read;
     dae:	80 93 e1 01 	sts	0x01E1, r24	; 0x8001e1 <TwoWire::rxBufferLength>
_ZN7MPU60508readGyroEv():
C:\Users\jasmine\Documents\GitHub\GEN6_ELEC\SSRU_v4.0\SSRU_v4.0/mpu6050.cpp:45
            uint16_t scaled = (offset * TO) / SPAN;  // → 0..254

            return scaled - 127;                     // → -127..0..+127
        };

    int16_t rawGyroX = (Wire.read() << 8); rawGyroX |= Wire.read();
     db2:	0e 94 16 03 	call	0x62c	; 0x62c <TwoWire::read() [clone .constprop.6]>
     db6:	e1 2c       	mov	r14, r1
     db8:	f8 2e       	mov	r15, r24
     dba:	0e 94 16 03 	call	0x62c	; 0x62c <TwoWire::read() [clone .constprop.6]>
     dbe:	e8 2a       	or	r14, r24
     dc0:	f9 2a       	or	r15, r25
C:\Users\jasmine\Documents\GitHub\GEN6_ELEC\SSRU_v4.0\SSRU_v4.0/mpu6050.cpp:46
    int16_t rawGyroY = (Wire.read() << 8); rawGyroY |= Wire.read();
     dc2:	0e 94 16 03 	call	0x62c	; 0x62c <TwoWire::read() [clone .constprop.6]>
     dc6:	c1 2c       	mov	r12, r1
     dc8:	d8 2e       	mov	r13, r24
     dca:	0e 94 16 03 	call	0x62c	; 0x62c <TwoWire::read() [clone .constprop.6]>
     dce:	c8 2a       	or	r12, r24
     dd0:	d9 2a       	or	r13, r25
C:\Users\jasmine\Documents\GitHub\GEN6_ELEC\SSRU_v4.0\SSRU_v4.0/mpu6050.cpp:47
    int16_t rawGyroZ = (Wire.read() << 8); rawGyroZ |= Wire.read();
     dd2:	0e 94 16 03 	call	0x62c	; 0x62c <TwoWire::read() [clone .constprop.6]>
     dd6:	d8 2f       	mov	r29, r24
     dd8:	f0 e0       	ldi	r31, 0x00	; 0
     dda:	cf 2f       	mov	r28, r31
     ddc:	0e 94 16 03 	call	0x62c	; 0x62c <TwoWire::read() [clone .constprop.6]>
     de0:	c8 2b       	or	r28, r24
     de2:	d9 2b       	or	r29, r25
C:\Users\jasmine\Documents\GitHub\GEN6_ELEC\SSRU_v4.0\SSRU_v4.0/mpu6050.cpp:49

    gyro.x = scale(rawGyroX - gOffX);
     de4:	f8 01       	movw	r30, r16
     de6:	87 81       	ldd	r24, Z+7	; 0x07
     de8:	90 85       	ldd	r25, Z+8	; 0x08
     dea:	97 01       	movw	r18, r14
     dec:	28 1b       	sub	r18, r24
     dee:	39 0b       	sbc	r19, r25
     df0:	c9 01       	movw	r24, r18
     df2:	0e 94 df 04 	call	0x9be	; 0x9be <MPU6050::readGyro()::{lambda(int)#1}::operator()(int) const [clone .isra.0]>
     df6:	e8 2e       	mov	r14, r24
C:\Users\jasmine\Documents\GitHub\GEN6_ELEC\SSRU_v4.0\SSRU_v4.0/mpu6050.cpp:50
    gyro.y = scale(rawGyroY - gOffY);
     df8:	f8 01       	movw	r30, r16
     dfa:	81 85       	ldd	r24, Z+9	; 0x09
     dfc:	92 85       	ldd	r25, Z+10	; 0x0a
     dfe:	96 01       	movw	r18, r12
     e00:	28 1b       	sub	r18, r24
     e02:	39 0b       	sbc	r19, r25
     e04:	c9 01       	movw	r24, r18
     e06:	0e 94 df 04 	call	0x9be	; 0x9be <MPU6050::readGyro()::{lambda(int)#1}::operator()(int) const [clone .isra.0]>
     e0a:	f8 2e       	mov	r15, r24
C:\Users\jasmine\Documents\GitHub\GEN6_ELEC\SSRU_v4.0\SSRU_v4.0/mpu6050.cpp:51
    gyro.z = scale(rawGyroZ - gOffZ);
     e0c:	f8 01       	movw	r30, r16
     e0e:	83 85       	ldd	r24, Z+11	; 0x0b
     e10:	94 85       	ldd	r25, Z+12	; 0x0c
     e12:	9e 01       	movw	r18, r28
     e14:	28 1b       	sub	r18, r24
     e16:	39 0b       	sbc	r19, r25
     e18:	c9 01       	movw	r24, r18
     e1a:	0e 94 df 04 	call	0x9be	; 0x9be <MPU6050::readGyro()::{lambda(int)#1}::operator()(int) const [clone .isra.0]>
C:\Users\jasmine\Documents\GitHub\GEN6_ELEC\SSRU_v4.0\SSRU_v4.0/mpu6050.cpp:54

    return gyro;
 }; //-127 to 127 = -12.5 to 12.5
     e1e:	b7 01       	movw	r22, r14
     e20:	df 91       	pop	r29
     e22:	cf 91       	pop	r28
     e24:	1f 91       	pop	r17
     e26:	0f 91       	pop	r16
     e28:	ff 90       	pop	r15
     e2a:	ef 90       	pop	r14
     e2c:	df 90       	pop	r13
     e2e:	cf 90       	pop	r12
     e30:	08 95       	ret

00000e32 <MPU6050::readAccel()>:
_ZN7MPU60509readAccelEv():
C:\Users\jasmine\Documents\GitHub\GEN6_ELEC\SSRU_v4.0\SSRU_v4.0/mpu6050.cpp:57

// reads accelerometer data
MPUreadings MPU6050::readAccel(){
     e32:	cf 92       	push	r12
     e34:	df 92       	push	r13
     e36:	ef 92       	push	r14
     e38:	ff 92       	push	r15
     e3a:	0f 93       	push	r16
     e3c:	1f 93       	push	r17
     e3e:	cf 93       	push	r28
     e40:	df 93       	push	r29
     e42:	7c 01       	movw	r14, r24
C:\Users\jasmine\Documents\GitHub\GEN6_ELEC\SSRU_v4.0\SSRU_v4.0/mpu6050.cpp:59
    MPUreadings accel;
    Wire.beginTransmission(address);
     e44:	fc 01       	movw	r30, r24
     e46:	80 81       	ld	r24, Z
beginTransmission():
C:\Users\jasmine\AppData\Local\Arduino15\packages\MiniCore\hardware\avr\3.1.2\libraries\Wire\src/Wire.cpp:196
}

void TwoWire::beginTransmission(uint8_t address)
{
  // indicate that we are transmitting
  transmitting = 1;
     e48:	91 e0       	ldi	r25, 0x01	; 1
     e4a:	90 93 f0 01 	sts	0x01F0, r25	; 0x8001f0 <TwoWire::transmitting>
C:\Users\jasmine\AppData\Local\Arduino15\packages\MiniCore\hardware\avr\3.1.2\libraries\Wire\src/Wire.cpp:198
  // set address of targeted slave
  txAddress = address;
     e4e:	80 93 12 02 	sts	0x0212, r24	; 0x800212 <TwoWire::txAddress>
C:\Users\jasmine\AppData\Local\Arduino15\packages\MiniCore\hardware\avr\3.1.2\libraries\Wire\src/Wire.cpp:200
  // reset tx buffer iterator vars
  txBufferIndex = 0;
     e52:	10 92 f1 01 	sts	0x01F1, r1	; 0x8001f1 <TwoWire::txBufferIndex>
C:\Users\jasmine\AppData\Local\Arduino15\packages\MiniCore\hardware\avr\3.1.2\libraries\Wire\src/Wire.cpp:201
  txBufferLength = 0;
     e56:	10 92 13 02 	sts	0x0213, r1	; 0x800213 <TwoWire::txBufferLength>
_ZN7MPU60509readAccelEv():
C:\Users\jasmine\Documents\GitHub\GEN6_ELEC\SSRU_v4.0\SSRU_v4.0/mpu6050.cpp:60
    Wire.write(ACCEL_XOUT_H); // used as starting address to read all other values
     e5a:	8b e3       	ldi	r24, 0x3B	; 59
     e5c:	90 e0       	ldi	r25, 0x00	; 0
     e5e:	0e 94 9d 04 	call	0x93a	; 0x93a <TwoWire::write(int) [clone .constprop.34]>
C:\Users\jasmine\Documents\GitHub\GEN6_ELEC\SSRU_v4.0\SSRU_v4.0/mpu6050.cpp:61
    Wire.endTransmission(false);
     e62:	80 e0       	ldi	r24, 0x00	; 0
     e64:	0e 94 ab 02 	call	0x556	; 0x556 <TwoWire::endTransmission(unsigned char) [clone .constprop.35]>
twi_readFrom():
     e68:	41 e0       	ldi	r20, 0x01	; 1
     e6a:	66 e0       	ldi	r22, 0x06	; 6
     e6c:	f7 01       	movw	r30, r14
     e6e:	80 81       	ld	r24, Z
     e70:	0e 94 29 03 	call	0x652	; 0x652 <twi_readFrom.part.0.constprop.5>
requestFrom():
C:\Users\jasmine\AppData\Local\Arduino15\packages\MiniCore\hardware\avr\3.1.2\libraries\Wire\src/Wire.cpp:120
    quantity = TWI_BUFFER_SIZE;
  }
  // perform blocking read into buffer
  uint8_t read = twi_readFrom(address, rxBuffer, quantity, sendStop);
  // set rx buffer iterator vars
  rxBufferIndex = 0;
     e74:	10 92 e2 01 	sts	0x01E2, r1	; 0x8001e2 <TwoWire::rxBufferIndex>
C:\Users\jasmine\AppData\Local\Arduino15\packages\MiniCore\hardware\avr\3.1.2\libraries\Wire\src/Wire.cpp:121
  rxBufferLength = read;
     e78:	80 93 e1 01 	sts	0x01E1, r24	; 0x8001e1 <TwoWire::rxBufferLength>
_ZN7MPU60509readAccelEv():
C:\Users\jasmine\Documents\GitHub\GEN6_ELEC\SSRU_v4.0\SSRU_v4.0/mpu6050.cpp:65
    Wire.requestFrom(address, 6, true); // requests 6 bytes - 3 high values and 3 low values from given address


    int16_t rawAccelX = (Wire.read() << 8); rawAccelX |= Wire.read();
     e7c:	0e 94 16 03 	call	0x62c	; 0x62c <TwoWire::read() [clone .constprop.6]>
     e80:	00 e0       	ldi	r16, 0x00	; 0
     e82:	18 2f       	mov	r17, r24
     e84:	0e 94 16 03 	call	0x62c	; 0x62c <TwoWire::read() [clone .constprop.6]>
     e88:	08 2b       	or	r16, r24
     e8a:	19 2b       	or	r17, r25
C:\Users\jasmine\Documents\GitHub\GEN6_ELEC\SSRU_v4.0\SSRU_v4.0/mpu6050.cpp:66
    int16_t rawAccelY = (Wire.read() << 8); rawAccelY |= Wire.read();
     e8c:	0e 94 16 03 	call	0x62c	; 0x62c <TwoWire::read() [clone .constprop.6]>
     e90:	c1 2c       	mov	r12, r1
     e92:	d8 2e       	mov	r13, r24
     e94:	0e 94 16 03 	call	0x62c	; 0x62c <TwoWire::read() [clone .constprop.6]>
     e98:	c8 2a       	or	r12, r24
     e9a:	d9 2a       	or	r13, r25
C:\Users\jasmine\Documents\GitHub\GEN6_ELEC\SSRU_v4.0\SSRU_v4.0/mpu6050.cpp:67
    int16_t rawAccelZ = (Wire.read() << 8); rawAccelZ |= Wire.read();
     e9c:	0e 94 16 03 	call	0x62c	; 0x62c <TwoWire::read() [clone .constprop.6]>
     ea0:	d8 2f       	mov	r29, r24
     ea2:	f0 e0       	ldi	r31, 0x00	; 0
     ea4:	cf 2f       	mov	r28, r31
     ea6:	0e 94 16 03 	call	0x62c	; 0x62c <TwoWire::read() [clone .constprop.6]>
C:\Users\jasmine\Documents\GitHub\GEN6_ELEC\SSRU_v4.0\SSRU_v4.0/mpu6050.cpp:70

    accel.x = (rawAccelX - aOffX) >> 8;
    accel.y = (rawAccelY - aOffY) >> 8;
     eaa:	f7 01       	movw	r30, r14
     eac:	23 81       	ldd	r18, Z+3	; 0x03
     eae:	34 81       	ldd	r19, Z+4	; 0x04
     eb0:	c2 1a       	sub	r12, r18
     eb2:	d3 0a       	sbc	r13, r19
C:\Users\jasmine\Documents\GitHub\GEN6_ELEC\SSRU_v4.0\SSRU_v4.0/mpu6050.cpp:67
    Wire.requestFrom(address, 6, true); // requests 6 bytes - 3 high values and 3 low values from given address


    int16_t rawAccelX = (Wire.read() << 8); rawAccelX |= Wire.read();
    int16_t rawAccelY = (Wire.read() << 8); rawAccelY |= Wire.read();
    int16_t rawAccelZ = (Wire.read() << 8); rawAccelZ |= Wire.read();
     eb4:	c8 2b       	or	r28, r24
     eb6:	d9 2b       	or	r29, r25
C:\Users\jasmine\Documents\GitHub\GEN6_ELEC\SSRU_v4.0\SSRU_v4.0/mpu6050.cpp:71

    accel.x = (rawAccelX - aOffX) >> 8;
    accel.y = (rawAccelY - aOffY) >> 8;
    accel.z = (rawAccelZ - aOffZ) >> 8;
     eb8:	85 81       	ldd	r24, Z+5	; 0x05
     eba:	96 81       	ldd	r25, Z+6	; 0x06
     ebc:	c8 1b       	sub	r28, r24
     ebe:	d9 0b       	sbc	r29, r25
C:\Users\jasmine\Documents\GitHub\GEN6_ELEC\SSRU_v4.0\SSRU_v4.0/mpu6050.cpp:69

    int16_t rawAccelX = (Wire.read() << 8); rawAccelX |= Wire.read();
    int16_t rawAccelY = (Wire.read() << 8); rawAccelY |= Wire.read();
    int16_t rawAccelZ = (Wire.read() << 8); rawAccelZ |= Wire.read();

    accel.x = (rawAccelX - aOffX) >> 8;
     ec0:	81 81       	ldd	r24, Z+1	; 0x01
     ec2:	92 81       	ldd	r25, Z+2	; 0x02
     ec4:	08 1b       	sub	r16, r24
     ec6:	19 0b       	sbc	r17, r25
C:\Users\jasmine\Documents\GitHub\GEN6_ELEC\SSRU_v4.0\SSRU_v4.0/mpu6050.cpp:74
    accel.y = (rawAccelY - aOffY) >> 8;
    accel.z = (rawAccelZ - aOffZ) >> 8;

    return accel;
}; //-128 to 127 = -2g to 2g
     ec8:	61 2f       	mov	r22, r17
     eca:	7d 2d       	mov	r23, r13
     ecc:	8d 2f       	mov	r24, r29
     ece:	df 91       	pop	r29
     ed0:	cf 91       	pop	r28
     ed2:	1f 91       	pop	r17
     ed4:	0f 91       	pop	r16
     ed6:	ff 90       	pop	r15
     ed8:	ef 90       	pop	r14
     eda:	df 90       	pop	r13
     edc:	cf 90       	pop	r12
     ede:	08 95       	ret

00000ee0 <__vector_16>:
__vector_16():
C:\Users\jasmine\AppData\Local\Arduino15\packages\MiniCore\hardware\avr\3.1.2\cores\MCUdude_corefiles/wiring.c:159
#if defined(__AVR_ATtiny24__) || defined(__AVR_ATtiny44__) || defined(__AVR_ATtiny84__)
ISR(TIM0_OVF_vect)
#else
ISR(TIMER0_OVF_vect)
#endif
{
     ee0:	1f 92       	push	r1
     ee2:	0f 92       	push	r0
     ee4:	0f b6       	in	r0, 0x3f	; 63
     ee6:	0f 92       	push	r0
     ee8:	11 24       	eor	r1, r1
     eea:	2f 93       	push	r18
     eec:	3f 93       	push	r19
     eee:	8f 93       	push	r24
     ef0:	9f 93       	push	r25
     ef2:	af 93       	push	r26
     ef4:	bf 93       	push	r27
C:\Users\jasmine\AppData\Local\Arduino15\packages\MiniCore\hardware\avr\3.1.2\cores\MCUdude_corefiles/wiring.c:167
  static unsigned char timer0_exact = 0;
#endif

  // copy these to local variables so they can be stored in registers
  // (volatile variables must be read from memory on every access, so this saves time)
  unsigned long m = timer0_millis;
     ef6:	80 91 e3 01 	lds	r24, 0x01E3	; 0x8001e3 <timer0_millis>
     efa:	90 91 e4 01 	lds	r25, 0x01E4	; 0x8001e4 <timer0_millis+0x1>
     efe:	a0 91 e5 01 	lds	r26, 0x01E5	; 0x8001e5 <timer0_millis+0x2>
     f02:	b0 91 e6 01 	lds	r27, 0x01E6	; 0x8001e6 <timer0_millis+0x3>
C:\Users\jasmine\AppData\Local\Arduino15\packages\MiniCore\hardware\avr\3.1.2\cores\MCUdude_corefiles/wiring.c:168
  unsigned char f = timer0_fract;
     f06:	30 91 bc 01 	lds	r19, 0x01BC	; 0x8001bc <timer0_fract>
C:\Users\jasmine\AppData\Local\Arduino15\packages\MiniCore\hardware\avr\3.1.2\cores\MCUdude_corefiles/wiring.c:170

  f += FRACT_INC FRACT_INC_PLUS;
     f0a:	23 e0       	ldi	r18, 0x03	; 3
     f0c:	23 0f       	add	r18, r19
C:\Users\jasmine\AppData\Local\Arduino15\packages\MiniCore\hardware\avr\3.1.2\cores\MCUdude_corefiles/wiring.c:200
    ++f;
  }
#endif
#endif // CORRECT_EXACT_MILLIS

  if (f >= FRACT_MAX) {
     f0e:	2d 37       	cpi	r18, 0x7D	; 125
     f10:	68 f1       	brcs	.+90     	; 0xf6c <__vector_16+0x8c>
C:\Users\jasmine\AppData\Local\Arduino15\packages\MiniCore\hardware\avr\3.1.2\cores\MCUdude_corefiles/wiring.c:201
    f -= FRACT_MAX;
     f12:	26 e8       	ldi	r18, 0x86	; 134
     f14:	23 0f       	add	r18, r19
C:\Users\jasmine\AppData\Local\Arduino15\packages\MiniCore\hardware\avr\3.1.2\cores\MCUdude_corefiles/wiring.c:202
    m += MILLIS_INC + 1;
     f16:	02 96       	adiw	r24, 0x02	; 2
     f18:	a1 1d       	adc	r26, r1
     f1a:	b1 1d       	adc	r27, r1
C:\Users\jasmine\AppData\Local\Arduino15\packages\MiniCore\hardware\avr\3.1.2\cores\MCUdude_corefiles/wiring.c:208
  }
  else {
    m += MILLIS_INC;
  }

  timer0_fract = f;
     f1c:	20 93 bc 01 	sts	0x01BC, r18	; 0x8001bc <timer0_fract>
C:\Users\jasmine\AppData\Local\Arduino15\packages\MiniCore\hardware\avr\3.1.2\cores\MCUdude_corefiles/wiring.c:209
  timer0_millis = m;
     f20:	80 93 e3 01 	sts	0x01E3, r24	; 0x8001e3 <timer0_millis>
     f24:	90 93 e4 01 	sts	0x01E4, r25	; 0x8001e4 <timer0_millis+0x1>
     f28:	a0 93 e5 01 	sts	0x01E5, r26	; 0x8001e5 <timer0_millis+0x2>
     f2c:	b0 93 e6 01 	sts	0x01E6, r27	; 0x8001e6 <timer0_millis+0x3>
C:\Users\jasmine\AppData\Local\Arduino15\packages\MiniCore\hardware\avr\3.1.2\cores\MCUdude_corefiles/wiring.c:211
#ifndef CORRECT_EXACT_MICROS
  timer0_overflow_count++;
     f30:	80 91 bd 01 	lds	r24, 0x01BD	; 0x8001bd <timer0_overflow_count>
     f34:	90 91 be 01 	lds	r25, 0x01BE	; 0x8001be <timer0_overflow_count+0x1>
     f38:	a0 91 bf 01 	lds	r26, 0x01BF	; 0x8001bf <timer0_overflow_count+0x2>
     f3c:	b0 91 c0 01 	lds	r27, 0x01C0	; 0x8001c0 <timer0_overflow_count+0x3>
     f40:	01 96       	adiw	r24, 0x01	; 1
     f42:	a1 1d       	adc	r26, r1
     f44:	b1 1d       	adc	r27, r1
     f46:	80 93 bd 01 	sts	0x01BD, r24	; 0x8001bd <timer0_overflow_count>
     f4a:	90 93 be 01 	sts	0x01BE, r25	; 0x8001be <timer0_overflow_count+0x1>
     f4e:	a0 93 bf 01 	sts	0x01BF, r26	; 0x8001bf <timer0_overflow_count+0x2>
     f52:	b0 93 c0 01 	sts	0x01C0, r27	; 0x8001c0 <timer0_overflow_count+0x3>
C:\Users\jasmine\AppData\Local\Arduino15\packages\MiniCore\hardware\avr\3.1.2\cores\MCUdude_corefiles/wiring.c:213
#endif
}
     f56:	bf 91       	pop	r27
     f58:	af 91       	pop	r26
     f5a:	9f 91       	pop	r25
     f5c:	8f 91       	pop	r24
     f5e:	3f 91       	pop	r19
     f60:	2f 91       	pop	r18
     f62:	0f 90       	pop	r0
     f64:	0f be       	out	0x3f, r0	; 63
     f66:	0f 90       	pop	r0
     f68:	1f 90       	pop	r1
     f6a:	18 95       	reti
C:\Users\jasmine\AppData\Local\Arduino15\packages\MiniCore\hardware\avr\3.1.2\cores\MCUdude_corefiles/wiring.c:205
  if (f >= FRACT_MAX) {
    f -= FRACT_MAX;
    m += MILLIS_INC + 1;
  }
  else {
    m += MILLIS_INC;
     f6c:	01 96       	adiw	r24, 0x01	; 1
     f6e:	a1 1d       	adc	r26, r1
     f70:	b1 1d       	adc	r27, r1
     f72:	d4 cf       	rjmp	.-88     	; 0xf1c <__vector_16+0x3c>

00000f74 <__vector_24>:
__vector_24():
C:\Users\jasmine\AppData\Local\Arduino15\packages\MiniCore\hardware\avr\3.1.2\libraries\Wire\src\utility/twi.c:534
  }
  return(flag);
}

ISR(TWI_vect)
{
     f74:	1f 92       	push	r1
     f76:	0f 92       	push	r0
     f78:	0f b6       	in	r0, 0x3f	; 63
     f7a:	0f 92       	push	r0
     f7c:	11 24       	eor	r1, r1
     f7e:	2f 93       	push	r18
     f80:	3f 93       	push	r19
     f82:	4f 93       	push	r20
     f84:	5f 93       	push	r21
     f86:	6f 93       	push	r22
     f88:	7f 93       	push	r23
     f8a:	8f 93       	push	r24
     f8c:	9f 93       	push	r25
     f8e:	af 93       	push	r26
     f90:	bf 93       	push	r27
     f92:	ef 93       	push	r30
     f94:	ff 93       	push	r31
C:\Users\jasmine\AppData\Local\Arduino15\packages\MiniCore\hardware\avr\3.1.2\libraries\Wire\src\utility/twi.c:535
  switch(TW_STATUS){
     f96:	80 91 b9 00 	lds	r24, 0x00B9	; 0x8000b9 <__DATA_REGION_ORIGIN__+0x59>
     f9a:	88 7f       	andi	r24, 0xF8	; 248
     f9c:	80 36       	cpi	r24, 0x60	; 96
     f9e:	09 f4       	brne	.+2      	; 0xfa2 <__vector_24+0x2e>
     fa0:	4a c0       	rjmp	.+148    	; 0x1036 <__vector_24+0xc2>
     fa2:	f0 f5       	brcc	.+124    	; 0x1020 <__vector_24+0xac>
     fa4:	88 32       	cpi	r24, 0x28	; 40
     fa6:	09 f4       	brne	.+2      	; 0xfaa <__vector_24+0x36>
     fa8:	a7 c0       	rjmp	.+334    	; 0x10f8 <__vector_24+0x184>
     faa:	18 f5       	brcc	.+70     	; 0xff2 <__vector_24+0x7e>
     fac:	80 31       	cpi	r24, 0x10	; 16
     fae:	09 f4       	brne	.+2      	; 0xfb2 <__vector_24+0x3e>
     fb0:	9b c0       	rjmp	.+310    	; 0x10e8 <__vector_24+0x174>
     fb2:	b8 f4       	brcc	.+46     	; 0xfe2 <__vector_24+0x6e>
     fb4:	88 23       	and	r24, r24
     fb6:	09 f4       	brne	.+2      	; 0xfba <__vector_24+0x46>
     fb8:	05 c1       	rjmp	.+522    	; 0x11c4 <__vector_24+0x250>
     fba:	88 30       	cpi	r24, 0x08	; 8
     fbc:	09 f4       	brne	.+2      	; 0xfc0 <__vector_24+0x4c>
     fbe:	94 c0       	rjmp	.+296    	; 0x10e8 <__vector_24+0x174>
C:\Users\jasmine\AppData\Local\Arduino15\packages\MiniCore\hardware\avr\3.1.2\libraries\Wire\src\utility/twi.c:696
    case TW_BUS_ERROR: // bus error, illegal stop/start
      twi_error = TW_BUS_ERROR;
      twi_stop();
      break;
  }
}
     fc0:	ff 91       	pop	r31
     fc2:	ef 91       	pop	r30
     fc4:	bf 91       	pop	r27
     fc6:	af 91       	pop	r26
     fc8:	9f 91       	pop	r25
     fca:	8f 91       	pop	r24
     fcc:	7f 91       	pop	r23
     fce:	6f 91       	pop	r22
     fd0:	5f 91       	pop	r21
     fd2:	4f 91       	pop	r20
     fd4:	3f 91       	pop	r19
     fd6:	2f 91       	pop	r18
     fd8:	0f 90       	pop	r0
     fda:	0f be       	out	0x3f, r0	; 63
     fdc:	0f 90       	pop	r0
     fde:	1f 90       	pop	r1
     fe0:	18 95       	reti
C:\Users\jasmine\AppData\Local\Arduino15\packages\MiniCore\hardware\avr\3.1.2\libraries\Wire\src\utility/twi.c:535
  return(flag);
}

ISR(TWI_vect)
{
  switch(TW_STATUS){
     fe2:	88 31       	cpi	r24, 0x18	; 24
     fe4:	09 f4       	brne	.+2      	; 0xfe8 <__vector_24+0x74>
     fe6:	88 c0       	rjmp	.+272    	; 0x10f8 <__vector_24+0x184>
     fe8:	80 32       	cpi	r24, 0x20	; 32
     fea:	51 f7       	brne	.-44     	; 0xfc0 <__vector_24+0x4c>
C:\Users\jasmine\AppData\Local\Arduino15\packages\MiniCore\hardware\avr\3.1.2\libraries\Wire\src\utility/twi.c:570
    case TW_MT_SLA_NACK:  // address sent, nack received
      twi_error = TW_MT_SLA_NACK;
      twi_stop();
      break;
    case TW_MT_DATA_NACK: // data sent, nack received
      twi_error = TW_MT_DATA_NACK;
     fec:	80 93 ed 01 	sts	0x01ED, r24	; 0x8001ed <twi_error>
     ff0:	14 c0       	rjmp	.+40     	; 0x101a <__vector_24+0xa6>
C:\Users\jasmine\AppData\Local\Arduino15\packages\MiniCore\hardware\avr\3.1.2\libraries\Wire\src\utility/twi.c:535
  return(flag);
}

ISR(TWI_vect)
{
  switch(TW_STATUS){
     ff2:	80 34       	cpi	r24, 0x40	; 64
     ff4:	09 f4       	brne	.+2      	; 0xff8 <__vector_24+0x84>
     ff6:	a5 c0       	rjmp	.+330    	; 0x1142 <__vector_24+0x1ce>
     ff8:	40 f4       	brcc	.+16     	; 0x100a <__vector_24+0x96>
     ffa:	80 33       	cpi	r24, 0x30	; 48
     ffc:	b9 f3       	breq	.-18     	; 0xfec <__vector_24+0x78>
     ffe:	88 33       	cpi	r24, 0x38	; 56
    1000:	f9 f6       	brne	.-66     	; 0xfc0 <__vector_24+0x4c>
C:\Users\jasmine\AppData\Local\Arduino15\packages\MiniCore\hardware\avr\3.1.2\libraries\Wire\src\utility/twi.c:574
    case TW_MT_DATA_NACK: // data sent, nack received
      twi_error = TW_MT_DATA_NACK;
      twi_stop();
      break;
    case TW_MT_ARB_LOST: // lost bus arbitration
      twi_error = TW_MT_ARB_LOST;
    1002:	80 93 ed 01 	sts	0x01ED, r24	; 0x8001ed <twi_error>
twi_reply():
C:\Users\jasmine\AppData\Local\Arduino15\packages\MiniCore\hardware\avr\3.1.2\libraries\Wire\src\utility/twi.c:421
 */
void twi_reply(uint8_t ack)
{
  // transmit master read ready signal, with or without ack
  if(ack){
    TWCR = _BV(TWEN) | _BV(TWIE) | _BV(TWINT) | _BV(TWEA);
    1006:	85 ec       	ldi	r24, 0xC5	; 197
    1008:	bc c0       	rjmp	.+376    	; 0x1182 <__vector_24+0x20e>
__vector_24():
C:\Users\jasmine\AppData\Local\Arduino15\packages\MiniCore\hardware\avr\3.1.2\libraries\Wire\src\utility/twi.c:535
  return(flag);
}

ISR(TWI_vect)
{
  switch(TW_STATUS){
    100a:	80 35       	cpi	r24, 0x50	; 80
    100c:	09 f4       	brne	.+2      	; 0x1010 <__vector_24+0x9c>
    100e:	89 c0       	rjmp	.+274    	; 0x1122 <__vector_24+0x1ae>
    1010:	88 35       	cpi	r24, 0x58	; 88
    1012:	09 f4       	brne	.+2      	; 0x1016 <__vector_24+0xa2>
    1014:	9e c0       	rjmp	.+316    	; 0x1152 <__vector_24+0x1de>
    1016:	88 34       	cpi	r24, 0x48	; 72
    1018:	99 f6       	brne	.-90     	; 0xfc0 <__vector_24+0x4c>
C:\Users\jasmine\AppData\Local\Arduino15\packages\MiniCore\hardware\avr\3.1.2\libraries\Wire\src\utility/twi.c:693
    // All
    case TW_NO_INFO:   // no state information
      break;
    case TW_BUS_ERROR: // bus error, illegal stop/start
      twi_error = TW_BUS_ERROR;
      twi_stop();
    101a:	0e 94 f9 03 	call	0x7f2	; 0x7f2 <twi_stop>
    101e:	d0 cf       	rjmp	.-96     	; 0xfc0 <__vector_24+0x4c>
C:\Users\jasmine\AppData\Local\Arduino15\packages\MiniCore\hardware\avr\3.1.2\libraries\Wire\src\utility/twi.c:535
  return(flag);
}

ISR(TWI_vect)
{
  switch(TW_STATUS){
    1020:	88 39       	cpi	r24, 0x98	; 152
    1022:	09 f4       	brne	.+2      	; 0x1026 <__vector_24+0xb2>
    1024:	94 c0       	rjmp	.+296    	; 0x114e <__vector_24+0x1da>
    1026:	38 f5       	brcc	.+78     	; 0x1076 <__vector_24+0x102>
    1028:	88 37       	cpi	r24, 0x78	; 120
    102a:	29 f0       	breq	.+10     	; 0x1036 <__vector_24+0xc2>
    102c:	50 f4       	brcc	.+20     	; 0x1042 <__vector_24+0xce>
    102e:	88 36       	cpi	r24, 0x68	; 104
    1030:	11 f0       	breq	.+4      	; 0x1036 <__vector_24+0xc2>
    1032:	80 37       	cpi	r24, 0x70	; 112
    1034:	29 f6       	brne	.-118    	; 0xfc0 <__vector_24+0x4c>
C:\Users\jasmine\AppData\Local\Arduino15\packages\MiniCore\hardware\avr\3.1.2\libraries\Wire\src\utility/twi.c:616
    case TW_SR_SLA_ACK:   // addressed, returned ack
    case TW_SR_GCALL_ACK: // addressed generally, returned ack
    case TW_SR_ARB_LOST_SLA_ACK:   // lost arbitration, returned ack
    case TW_SR_ARB_LOST_GCALL_ACK: // lost arbitration, returned ack
      // enter slave receiver mode
      twi_state = TWI_SRX;
    1036:	83 e0       	ldi	r24, 0x03	; 3
    1038:	80 93 ef 01 	sts	0x01EF, r24	; 0x8001ef <twi_state>
C:\Users\jasmine\AppData\Local\Arduino15\packages\MiniCore\hardware\avr\3.1.2\libraries\Wire\src\utility/twi.c:618
      // indicate that rx buffer can be overwritten and ack
      twi_rxBufferIndex = 0;
    103c:	10 92 79 01 	sts	0x0179, r1	; 0x800179 <twi_rxBufferIndex>
    1040:	57 c0       	rjmp	.+174    	; 0x10f0 <__vector_24+0x17c>
C:\Users\jasmine\AppData\Local\Arduino15\packages\MiniCore\hardware\avr\3.1.2\libraries\Wire\src\utility/twi.c:535
  return(flag);
}

ISR(TWI_vect)
{
  switch(TW_STATUS){
    1042:	88 38       	cpi	r24, 0x88	; 136
    1044:	09 f4       	brne	.+2      	; 0x1048 <__vector_24+0xd4>
    1046:	83 c0       	rjmp	.+262    	; 0x114e <__vector_24+0x1da>
    1048:	80 39       	cpi	r24, 0x90	; 144
    104a:	19 f0       	breq	.+6      	; 0x1052 <__vector_24+0xde>
    104c:	80 38       	cpi	r24, 0x80	; 128
    104e:	09 f0       	breq	.+2      	; 0x1052 <__vector_24+0xde>
    1050:	b7 cf       	rjmp	.-146    	; 0xfc0 <__vector_24+0x4c>
C:\Users\jasmine\AppData\Local\Arduino15\packages\MiniCore\hardware\avr\3.1.2\libraries\Wire\src\utility/twi.c:624
      twi_reply(1);
      break;
    case TW_SR_DATA_ACK:       // data received, returned ack
    case TW_SR_GCALL_DATA_ACK: // data received generally, returned ack
      // if there is still room in the rx buffer
      if(twi_rxBufferIndex < TWI_BUFFER_SIZE){
    1052:	80 91 79 01 	lds	r24, 0x0179	; 0x800179 <twi_rxBufferIndex>
    1056:	80 32       	cpi	r24, 0x20	; 32
    1058:	08 f0       	brcs	.+2      	; 0x105c <__vector_24+0xe8>
    105a:	79 c0       	rjmp	.+242    	; 0x114e <__vector_24+0x1da>
C:\Users\jasmine\AppData\Local\Arduino15\packages\MiniCore\hardware\avr\3.1.2\libraries\Wire\src\utility/twi.c:626
        // put byte in buffer and ack
        twi_rxBuffer[twi_rxBufferIndex++] = TWDR;
    105c:	e0 91 79 01 	lds	r30, 0x0179	; 0x800179 <twi_rxBufferIndex>
    1060:	81 e0       	ldi	r24, 0x01	; 1
    1062:	8e 0f       	add	r24, r30
    1064:	80 93 79 01 	sts	0x0179, r24	; 0x800179 <twi_rxBufferIndex>
    1068:	80 91 bb 00 	lds	r24, 0x00BB	; 0x8000bb <__DATA_REGION_ORIGIN__+0x5b>
    106c:	f0 e0       	ldi	r31, 0x00	; 0
    106e:	e7 5a       	subi	r30, 0xA7	; 167
    1070:	fe 4f       	sbci	r31, 0xFE	; 254
    1072:	80 83       	st	Z, r24
    1074:	3d c0       	rjmp	.+122    	; 0x10f0 <__vector_24+0x17c>
C:\Users\jasmine\AppData\Local\Arduino15\packages\MiniCore\hardware\avr\3.1.2\libraries\Wire\src\utility/twi.c:535
  return(flag);
}

ISR(TWI_vect)
{
  switch(TW_STATUS){
    1076:	80 3b       	cpi	r24, 0xB0	; 176
    1078:	39 f0       	breq	.+14     	; 0x1088 <__vector_24+0x114>
    107a:	e0 f4       	brcc	.+56     	; 0x10b4 <__vector_24+0x140>
    107c:	80 3a       	cpi	r24, 0xA0	; 160
    107e:	09 f4       	brne	.+2      	; 0x1082 <__vector_24+0x10e>
    1080:	85 c0       	rjmp	.+266    	; 0x118c <__vector_24+0x218>
    1082:	88 3a       	cpi	r24, 0xA8	; 168
    1084:	09 f0       	breq	.+2      	; 0x1088 <__vector_24+0x114>
    1086:	9c cf       	rjmp	.-200    	; 0xfc0 <__vector_24+0x4c>
C:\Users\jasmine\AppData\Local\Arduino15\packages\MiniCore\hardware\avr\3.1.2\libraries\Wire\src\utility/twi.c:655

    // Slave Transmitter
    case TW_ST_SLA_ACK:          // addressed, returned ack
    case TW_ST_ARB_LOST_SLA_ACK: // arbitration lost, returned ack
      // enter slave transmitter mode
      twi_state = TWI_STX;
    1088:	84 e0       	ldi	r24, 0x04	; 4
    108a:	80 93 ef 01 	sts	0x01EF, r24	; 0x8001ef <twi_state>
C:\Users\jasmine\AppData\Local\Arduino15\packages\MiniCore\hardware\avr\3.1.2\libraries\Wire\src\utility/twi.c:657
      // ready the tx buffer index for iteration
      twi_txBufferIndex = 0;
    108e:	10 92 58 01 	sts	0x0158, r1	; 0x800158 <twi_txBufferIndex>
C:\Users\jasmine\AppData\Local\Arduino15\packages\MiniCore\hardware\avr\3.1.2\libraries\Wire\src\utility/twi.c:659
      // set tx buffer length to be zero, to verify if user changes it
      twi_txBufferLength = 0;
    1092:	10 92 57 01 	sts	0x0157, r1	; 0x800157 <twi_txBufferLength>
C:\Users\jasmine\AppData\Local\Arduino15\packages\MiniCore\hardware\avr\3.1.2\libraries\Wire\src\utility/twi.c:662
      // request for txBuffer to be filled and length to be set
      // note: user must call twi_transmit(bytes, length) to do this
      twi_onSlaveTransmit();
    1096:	e0 91 7c 01 	lds	r30, 0x017C	; 0x80017c <twi_onSlaveTransmit>
    109a:	f0 91 7d 01 	lds	r31, 0x017D	; 0x80017d <twi_onSlaveTransmit+0x1>
    109e:	09 95       	icall
C:\Users\jasmine\AppData\Local\Arduino15\packages\MiniCore\hardware\avr\3.1.2\libraries\Wire\src\utility/twi.c:664
      // if they didn't change buffer & length, initialize it
      if(0 == twi_txBufferLength){
    10a0:	80 91 57 01 	lds	r24, 0x0157	; 0x800157 <twi_txBufferLength>
    10a4:	81 11       	cpse	r24, r1
    10a6:	0f c0       	rjmp	.+30     	; 0x10c6 <__vector_24+0x152>
C:\Users\jasmine\AppData\Local\Arduino15\packages\MiniCore\hardware\avr\3.1.2\libraries\Wire\src\utility/twi.c:665
        twi_txBufferLength = 1;
    10a8:	81 e0       	ldi	r24, 0x01	; 1
    10aa:	80 93 57 01 	sts	0x0157, r24	; 0x800157 <twi_txBufferLength>
C:\Users\jasmine\AppData\Local\Arduino15\packages\MiniCore\hardware\avr\3.1.2\libraries\Wire\src\utility/twi.c:666
        twi_txBuffer[0] = 0x00;
    10ae:	10 92 37 01 	sts	0x0137, r1	; 0x800137 <twi_txBuffer>
    10b2:	09 c0       	rjmp	.+18     	; 0x10c6 <__vector_24+0x152>
C:\Users\jasmine\AppData\Local\Arduino15\packages\MiniCore\hardware\avr\3.1.2\libraries\Wire\src\utility/twi.c:535
  return(flag);
}

ISR(TWI_vect)
{
  switch(TW_STATUS){
    10b4:	80 3c       	cpi	r24, 0xC0	; 192
    10b6:	09 f4       	brne	.+2      	; 0x10ba <__vector_24+0x146>
    10b8:	a6 cf       	rjmp	.-180    	; 0x1006 <__vector_24+0x92>
    10ba:	88 3c       	cpi	r24, 0xC8	; 200
    10bc:	09 f4       	brne	.+2      	; 0x10c0 <__vector_24+0x14c>
    10be:	a3 cf       	rjmp	.-186    	; 0x1006 <__vector_24+0x92>
    10c0:	88 3b       	cpi	r24, 0xB8	; 184
    10c2:	09 f0       	breq	.+2      	; 0x10c6 <__vector_24+0x152>
    10c4:	7d cf       	rjmp	.-262    	; 0xfc0 <__vector_24+0x4c>
C:\Users\jasmine\AppData\Local\Arduino15\packages\MiniCore\hardware\avr\3.1.2\libraries\Wire\src\utility/twi.c:672
      }
      // transmit first byte from buffer, fall
      /* fall through */
    case TW_ST_DATA_ACK: // byte sent, ack returned
      // copy data to output register
      TWDR = twi_txBuffer[twi_txBufferIndex++];
    10c6:	e0 91 58 01 	lds	r30, 0x0158	; 0x800158 <twi_txBufferIndex>
    10ca:	81 e0       	ldi	r24, 0x01	; 1
    10cc:	8e 0f       	add	r24, r30
    10ce:	80 93 58 01 	sts	0x0158, r24	; 0x800158 <twi_txBufferIndex>
    10d2:	f0 e0       	ldi	r31, 0x00	; 0
    10d4:	e9 5c       	subi	r30, 0xC9	; 201
    10d6:	fe 4f       	sbci	r31, 0xFE	; 254
    10d8:	80 81       	ld	r24, Z
    10da:	80 93 bb 00 	sts	0x00BB, r24	; 0x8000bb <__DATA_REGION_ORIGIN__+0x5b>
C:\Users\jasmine\AppData\Local\Arduino15\packages\MiniCore\hardware\avr\3.1.2\libraries\Wire\src\utility/twi.c:674
      // if there is more to send, ack, otherwise nack
      if(twi_txBufferIndex < twi_txBufferLength){
    10de:	90 91 58 01 	lds	r25, 0x0158	; 0x800158 <twi_txBufferIndex>
    10e2:	80 91 57 01 	lds	r24, 0x0157	; 0x800157 <twi_txBufferLength>
    10e6:	31 c0       	rjmp	.+98     	; 0x114a <__vector_24+0x1d6>
C:\Users\jasmine\AppData\Local\Arduino15\packages\MiniCore\hardware\avr\3.1.2\libraries\Wire\src\utility/twi.c:540
  switch(TW_STATUS){
    // All Master
    case TW_START:     // sent start condition
    case TW_REP_START: // sent repeated start condition
      // copy device address and r/w bit to output register and ack
      TWDR = twi_slarw;
    10e8:	80 91 e8 01 	lds	r24, 0x01E8	; 0x8001e8 <twi_slarw>
C:\Users\jasmine\AppData\Local\Arduino15\packages\MiniCore\hardware\avr\3.1.2\libraries\Wire\src\utility/twi.c:550
    case TW_MT_SLA_ACK:  // slave receiver acked address
    case TW_MT_DATA_ACK: // slave receiver acked data
      // if there is data to send, send it, otherwise stop
      if(twi_masterBufferIndex < twi_masterBufferLength){
        // copy data to output register and ack
        TWDR = twi_masterBuffer[twi_masterBufferIndex++];
    10ec:	80 93 bb 00 	sts	0x00BB, r24	; 0x8000bb <__DATA_REGION_ORIGIN__+0x5b>
twi_reply():
C:\Users\jasmine\AppData\Local\Arduino15\packages\MiniCore\hardware\avr\3.1.2\libraries\Wire\src\utility/twi.c:421
 */
void twi_reply(uint8_t ack)
{
  // transmit master read ready signal, with or without ack
  if(ack){
    TWCR = _BV(TWEN) | _BV(TWIE) | _BV(TWINT) | _BV(TWEA);
    10f0:	85 ec       	ldi	r24, 0xC5	; 197
C:\Users\jasmine\AppData\Local\Arduino15\packages\MiniCore\hardware\avr\3.1.2\libraries\Wire\src\utility/twi.c:423
  }else{
    TWCR = _BV(TWEN) | _BV(TWIE) | _BV(TWINT);
    10f2:	80 93 bc 00 	sts	0x00BC, r24	; 0x8000bc <__DATA_REGION_ORIGIN__+0x5c>
    10f6:	64 cf       	rjmp	.-312    	; 0xfc0 <__vector_24+0x4c>
__vector_24():
C:\Users\jasmine\AppData\Local\Arduino15\packages\MiniCore\hardware\avr\3.1.2\libraries\Wire\src\utility/twi.c:548

    // Master Transmitter
    case TW_MT_SLA_ACK:  // slave receiver acked address
    case TW_MT_DATA_ACK: // slave receiver acked data
      // if there is data to send, send it, otherwise stop
      if(twi_masterBufferIndex < twi_masterBufferLength){
    10f8:	90 91 ea 01 	lds	r25, 0x01EA	; 0x8001ea <twi_masterBufferIndex>
    10fc:	80 91 e9 01 	lds	r24, 0x01E9	; 0x8001e9 <twi_masterBufferLength>
    1100:	98 17       	cp	r25, r24
    1102:	b8 f5       	brcc	.+110    	; 0x1172 <__vector_24+0x1fe>
C:\Users\jasmine\AppData\Local\Arduino15\packages\MiniCore\hardware\avr\3.1.2\libraries\Wire\src\utility/twi.c:550
        // copy data to output register and ack
        TWDR = twi_masterBuffer[twi_masterBufferIndex++];
    1104:	80 91 eb 01 	lds	r24, 0x01EB	; 0x8001eb <twi_masterBuffer>
    1108:	90 91 ec 01 	lds	r25, 0x01EC	; 0x8001ec <twi_masterBuffer+0x1>
    110c:	e0 91 ea 01 	lds	r30, 0x01EA	; 0x8001ea <twi_masterBufferIndex>
    1110:	21 e0       	ldi	r18, 0x01	; 1
    1112:	2e 0f       	add	r18, r30
    1114:	20 93 ea 01 	sts	0x01EA, r18	; 0x8001ea <twi_masterBufferIndex>
    1118:	e8 0f       	add	r30, r24
    111a:	f9 2f       	mov	r31, r25
    111c:	f1 1d       	adc	r31, r1
    111e:	80 81       	ld	r24, Z
    1120:	e5 cf       	rjmp	.-54     	; 0x10ec <__vector_24+0x178>
C:\Users\jasmine\AppData\Local\Arduino15\packages\MiniCore\hardware\avr\3.1.2\libraries\Wire\src\utility/twi.c:581
      break;

    // Master Receiver
    case TW_MR_DATA_ACK: // data received, ack sent
      // put byte into buffer
      twi_masterBuffer[twi_masterBufferIndex++] = TWDR;
    1122:	20 91 eb 01 	lds	r18, 0x01EB	; 0x8001eb <twi_masterBuffer>
    1126:	30 91 ec 01 	lds	r19, 0x01EC	; 0x8001ec <twi_masterBuffer+0x1>
    112a:	e0 91 ea 01 	lds	r30, 0x01EA	; 0x8001ea <twi_masterBufferIndex>
    112e:	81 e0       	ldi	r24, 0x01	; 1
    1130:	8e 0f       	add	r24, r30
    1132:	80 93 ea 01 	sts	0x01EA, r24	; 0x8001ea <twi_masterBufferIndex>
    1136:	80 91 bb 00 	lds	r24, 0x00BB	; 0x8000bb <__DATA_REGION_ORIGIN__+0x5b>
    113a:	e2 0f       	add	r30, r18
    113c:	f3 2f       	mov	r31, r19
    113e:	f1 1d       	adc	r31, r1
    1140:	80 83       	st	Z, r24
C:\Users\jasmine\AppData\Local\Arduino15\packages\MiniCore\hardware\avr\3.1.2\libraries\Wire\src\utility/twi.c:585
      /* fall through */
    case TW_MR_SLA_ACK:  // address sent, ack received
      // ack if more bytes are expected, otherwise nack
      if(twi_masterBufferIndex < twi_masterBufferLength){
    1142:	90 91 ea 01 	lds	r25, 0x01EA	; 0x8001ea <twi_masterBufferIndex>
    1146:	80 91 e9 01 	lds	r24, 0x01E9	; 0x8001e9 <twi_masterBufferLength>
C:\Users\jasmine\AppData\Local\Arduino15\packages\MiniCore\hardware\avr\3.1.2\libraries\Wire\src\utility/twi.c:674
      /* fall through */
    case TW_ST_DATA_ACK: // byte sent, ack returned
      // copy data to output register
      TWDR = twi_txBuffer[twi_txBufferIndex++];
      // if there is more to send, ack, otherwise nack
      if(twi_txBufferIndex < twi_txBufferLength){
    114a:	98 17       	cp	r25, r24
    114c:	88 f2       	brcs	.-94     	; 0x10f0 <__vector_24+0x17c>
twi_reply():
C:\Users\jasmine\AppData\Local\Arduino15\packages\MiniCore\hardware\avr\3.1.2\libraries\Wire\src\utility/twi.c:423
{
  // transmit master read ready signal, with or without ack
  if(ack){
    TWCR = _BV(TWEN) | _BV(TWIE) | _BV(TWINT) | _BV(TWEA);
  }else{
    TWCR = _BV(TWEN) | _BV(TWIE) | _BV(TWINT);
    114e:	85 e8       	ldi	r24, 0x85	; 133
    1150:	d0 cf       	rjmp	.-96     	; 0x10f2 <__vector_24+0x17e>
__vector_24():
C:\Users\jasmine\AppData\Local\Arduino15\packages\MiniCore\hardware\avr\3.1.2\libraries\Wire\src\utility/twi.c:593
        twi_reply(0);
      }
      break;
    case TW_MR_DATA_NACK: // data received, nack sent
      // put final byte into buffer
      twi_masterBuffer[twi_masterBufferIndex++] = TWDR;
    1152:	20 91 eb 01 	lds	r18, 0x01EB	; 0x8001eb <twi_masterBuffer>
    1156:	30 91 ec 01 	lds	r19, 0x01EC	; 0x8001ec <twi_masterBuffer+0x1>
    115a:	e0 91 ea 01 	lds	r30, 0x01EA	; 0x8001ea <twi_masterBufferIndex>
    115e:	81 e0       	ldi	r24, 0x01	; 1
    1160:	8e 0f       	add	r24, r30
    1162:	80 93 ea 01 	sts	0x01EA, r24	; 0x8001ea <twi_masterBufferIndex>
    1166:	80 91 bb 00 	lds	r24, 0x00BB	; 0x8000bb <__DATA_REGION_ORIGIN__+0x5b>
    116a:	e2 0f       	add	r30, r18
    116c:	f3 2f       	mov	r31, r19
    116e:	f1 1d       	adc	r31, r1
    1170:	80 83       	st	Z, r24
C:\Users\jasmine\AppData\Local\Arduino15\packages\MiniCore\hardware\avr\3.1.2\libraries\Wire\src\utility/twi.c:594
  if (twi_sendStop)
    1172:	80 91 ee 01 	lds	r24, 0x01EE	; 0x8001ee <twi_sendStop>
    1176:	81 11       	cpse	r24, r1
    1178:	50 cf       	rjmp	.-352    	; 0x101a <__vector_24+0xa6>
C:\Users\jasmine\AppData\Local\Arduino15\packages\MiniCore\hardware\avr\3.1.2\libraries\Wire\src\utility/twi.c:597
          twi_stop();
  else {
    twi_inRepStart = true;  // we're going to send the START
    117a:	81 e0       	ldi	r24, 0x01	; 1
    117c:	80 93 e7 01 	sts	0x01E7, r24	; 0x8001e7 <twi_inRepStart>
C:\Users\jasmine\AppData\Local\Arduino15\packages\MiniCore\hardware\avr\3.1.2\libraries\Wire\src\utility/twi.c:601
    // don't enable the interrupt. We'll generate the start, but we
    // avoid handling the interrupt until we're in the next transaction,
    // at the point where we would normally issue the start.
    TWCR = _BV(TWINT) | _BV(TWSTA)| _BV(TWEN) ;
    1180:	84 ea       	ldi	r24, 0xA4	; 164
twi_reply():
C:\Users\jasmine\AppData\Local\Arduino15\packages\MiniCore\hardware\avr\3.1.2\libraries\Wire\src\utility/twi.c:421
 */
void twi_reply(uint8_t ack)
{
  // transmit master read ready signal, with or without ack
  if(ack){
    TWCR = _BV(TWEN) | _BV(TWIE) | _BV(TWINT) | _BV(TWEA);
    1182:	80 93 bc 00 	sts	0x00BC, r24	; 0x8000bc <__DATA_REGION_ORIGIN__+0x5c>
__vector_24():
C:\Users\jasmine\AppData\Local\Arduino15\packages\MiniCore\hardware\avr\3.1.2\libraries\Wire\src\utility/twi.c:685
    case TW_ST_DATA_NACK: // received nack, we are done
    case TW_ST_LAST_DATA: // received ack, but we are done already!
      // ack future responses
      twi_reply(1);
      // leave slave receiver state
      twi_state = TWI_READY;
    1186:	10 92 ef 01 	sts	0x01EF, r1	; 0x8001ef <twi_state>
    118a:	1a cf       	rjmp	.-460    	; 0xfc0 <__vector_24+0x4c>
twi_releaseBus():
C:\Users\jasmine\AppData\Local\Arduino15\packages\MiniCore\hardware\avr\3.1.2\libraries\Wire\src\utility/twi.c:474
 * Output   none
 */
void twi_releaseBus(void)
{
  // release bus
  TWCR = _BV(TWEN) | _BV(TWIE) | _BV(TWEA) | _BV(TWINT);
    118c:	85 ec       	ldi	r24, 0xC5	; 197
    118e:	80 93 bc 00 	sts	0x00BC, r24	; 0x8000bc <__DATA_REGION_ORIGIN__+0x5c>
C:\Users\jasmine\AppData\Local\Arduino15\packages\MiniCore\hardware\avr\3.1.2\libraries\Wire\src\utility/twi.c:477

  // update twi state
  twi_state = TWI_READY;
    1192:	10 92 ef 01 	sts	0x01EF, r1	; 0x8001ef <twi_state>
__vector_24():
C:\Users\jasmine\AppData\Local\Arduino15\packages\MiniCore\hardware\avr\3.1.2\libraries\Wire\src\utility/twi.c:637
      break;
    case TW_SR_STOP: // stop or repeated start condition received
      // ack future responses and leave slave receiver state
      twi_releaseBus();
      // put a null char after data if there's room
      if(twi_rxBufferIndex < TWI_BUFFER_SIZE){
    1196:	80 91 79 01 	lds	r24, 0x0179	; 0x800179 <twi_rxBufferIndex>
    119a:	80 32       	cpi	r24, 0x20	; 32
    119c:	30 f4       	brcc	.+12     	; 0x11aa <__vector_24+0x236>
C:\Users\jasmine\AppData\Local\Arduino15\packages\MiniCore\hardware\avr\3.1.2\libraries\Wire\src\utility/twi.c:638
        twi_rxBuffer[twi_rxBufferIndex] = '\0';
    119e:	e0 91 79 01 	lds	r30, 0x0179	; 0x800179 <twi_rxBufferIndex>
    11a2:	f0 e0       	ldi	r31, 0x00	; 0
    11a4:	e7 5a       	subi	r30, 0xA7	; 167
    11a6:	fe 4f       	sbci	r31, 0xFE	; 254
    11a8:	10 82       	st	Z, r1
C:\Users\jasmine\AppData\Local\Arduino15\packages\MiniCore\hardware\avr\3.1.2\libraries\Wire\src\utility/twi.c:641
      }
      // callback to user defined callback
      twi_onSlaveReceive(twi_rxBuffer, twi_rxBufferIndex);
    11aa:	60 91 79 01 	lds	r22, 0x0179	; 0x800179 <twi_rxBufferIndex>
    11ae:	70 e0       	ldi	r23, 0x00	; 0
    11b0:	e0 91 7a 01 	lds	r30, 0x017A	; 0x80017a <twi_onSlaveReceive>
    11b4:	f0 91 7b 01 	lds	r31, 0x017B	; 0x80017b <twi_onSlaveReceive+0x1>
    11b8:	89 e5       	ldi	r24, 0x59	; 89
    11ba:	91 e0       	ldi	r25, 0x01	; 1
    11bc:	09 95       	icall
C:\Users\jasmine\AppData\Local\Arduino15\packages\MiniCore\hardware\avr\3.1.2\libraries\Wire\src\utility/twi.c:643
      // since we submit rx buffer to "wire" library, we can reset it
      twi_rxBufferIndex = 0;
    11be:	10 92 79 01 	sts	0x0179, r1	; 0x800179 <twi_rxBufferIndex>
    11c2:	fe ce       	rjmp	.-516    	; 0xfc0 <__vector_24+0x4c>
C:\Users\jasmine\AppData\Local\Arduino15\packages\MiniCore\hardware\avr\3.1.2\libraries\Wire\src\utility/twi.c:692

    // All
    case TW_NO_INFO:   // no state information
      break;
    case TW_BUS_ERROR: // bus error, illegal stop/start
      twi_error = TW_BUS_ERROR;
    11c4:	10 92 ed 01 	sts	0x01ED, r1	; 0x8001ed <twi_error>
    11c8:	28 cf       	rjmp	.-432    	; 0x101a <__vector_24+0xa6>

000011ca <global constructors keyed to 65535_0_SSRU_v4.0.ino.cpp.o.2195>:
_GLOBAL__I_65535_0_SSRU_v4.0.ino.cpp.o.2195():
    11ca:	cf 93       	push	r28
    11cc:	df 93       	push	r29
    11ce:	e4 e1       	ldi	r30, 0x14	; 20
    11d0:	f2 e0       	ldi	r31, 0x02	; 2
    11d2:	13 82       	std	Z+3, r1	; 0x03
    11d4:	12 82       	std	Z+2, r1	; 0x02
    11d6:	88 ee       	ldi	r24, 0xE8	; 232
    11d8:	93 e0       	ldi	r25, 0x03	; 3
    11da:	a0 e0       	ldi	r26, 0x00	; 0
    11dc:	b0 e0       	ldi	r27, 0x00	; 0
    11de:	84 83       	std	Z+4, r24	; 0x04
    11e0:	95 83       	std	Z+5, r25	; 0x05
    11e2:	a6 83       	std	Z+6, r26	; 0x06
    11e4:	b7 83       	std	Z+7, r27	; 0x07
    11e6:	8f e1       	ldi	r24, 0x1F	; 31
    11e8:	91 e0       	ldi	r25, 0x01	; 1
    11ea:	91 83       	std	Z+1, r25	; 0x01
    11ec:	80 83       	st	Z, r24
    11ee:	e7 e4       	ldi	r30, 0x47	; 71
    11f0:	f2 e0       	ldi	r31, 0x02	; 2
    11f2:	87 e0       	ldi	r24, 0x07	; 7
    11f4:	80 83       	st	Z, r24
    11f6:	83 e2       	ldi	r24, 0x23	; 35
    11f8:	81 83       	std	Z+1, r24	; 0x01
    11fa:	82 e2       	ldi	r24, 0x22	; 34
    11fc:	82 83       	std	Z+2, r24	; 0x02
    11fe:	8d e0       	ldi	r24, 0x0D	; 13
    1200:	99 e0       	ldi	r25, 0x09	; 9
    1202:	94 83       	std	Z+4, r25	; 0x04
    1204:	83 83       	std	Z+3, r24	; 0x03
    1206:	e2 e4       	ldi	r30, 0x42	; 66
    1208:	f2 e0       	ldi	r31, 0x02	; 2
    120a:	8e e0       	ldi	r24, 0x0E	; 14
    120c:	80 83       	st	Z, r24
    120e:	86 e4       	ldi	r24, 0x46	; 70
    1210:	81 83       	std	Z+1, r24	; 0x01
    1212:	8f e4       	ldi	r24, 0x4F	; 79
    1214:	82 83       	std	Z+2, r24	; 0x02
    1216:	8c e3       	ldi	r24, 0x3C	; 60
    1218:	99 e0       	ldi	r25, 0x09	; 9
    121a:	94 83       	std	Z+4, r25	; 0x04
    121c:	83 83       	std	Z+3, r24	; 0x03
    121e:	e5 e3       	ldi	r30, 0x35	; 53
    1220:	f2 e0       	ldi	r31, 0x02	; 2
    1222:	88 e6       	ldi	r24, 0x68	; 104
    1224:	80 83       	st	Z, r24
    1226:	89 e7       	ldi	r24, 0x79	; 121
    1228:	9f ef       	ldi	r25, 0xFF	; 255
    122a:	92 83       	std	Z+2, r25	; 0x02
    122c:	81 83       	std	Z+1, r24	; 0x01
    122e:	83 e2       	ldi	r24, 0x23	; 35
    1230:	90 e0       	ldi	r25, 0x00	; 0
    1232:	94 83       	std	Z+4, r25	; 0x04
    1234:	83 83       	std	Z+3, r24	; 0x03
    1236:	8b e5       	ldi	r24, 0x5B	; 91
    1238:	93 e4       	ldi	r25, 0x43	; 67
    123a:	96 83       	std	Z+6, r25	; 0x06
    123c:	85 83       	std	Z+5, r24	; 0x05
    123e:	88 ee       	ldi	r24, 0xE8	; 232
    1240:	9f ef       	ldi	r25, 0xFF	; 255
    1242:	90 87       	std	Z+8, r25	; 0x08
    1244:	87 83       	std	Z+7, r24	; 0x07
    1246:	8d e7       	ldi	r24, 0x7D	; 125
    1248:	9f ef       	ldi	r25, 0xFF	; 255
    124a:	92 87       	std	Z+10, r25	; 0x0a
    124c:	81 87       	std	Z+9, r24	; 0x09
    124e:	84 e8       	ldi	r24, 0x84	; 132
    1250:	9f ef       	ldi	r25, 0xFF	; 255
    1252:	94 87       	std	Z+12, r25	; 0x0c
    1254:	83 87       	std	Z+11, r24	; 0x0b
    1256:	e8 e2       	ldi	r30, 0x28	; 40
    1258:	f2 e0       	ldi	r31, 0x02	; 2
    125a:	89 e6       	ldi	r24, 0x69	; 105
    125c:	80 83       	st	Z, r24
    125e:	8d ef       	ldi	r24, 0xFD	; 253
    1260:	92 e0       	ldi	r25, 0x02	; 2
    1262:	92 83       	std	Z+2, r25	; 0x02
    1264:	81 83       	std	Z+1, r24	; 0x01
    1266:	80 ed       	ldi	r24, 0xD0	; 208
    1268:	9e ef       	ldi	r25, 0xFE	; 254
    126a:	94 83       	std	Z+4, r25	; 0x04
    126c:	83 83       	std	Z+3, r24	; 0x03
    126e:	8c ea       	ldi	r24, 0xAC	; 172
    1270:	93 e4       	ldi	r25, 0x43	; 67
    1272:	96 83       	std	Z+6, r25	; 0x06
    1274:	85 83       	std	Z+5, r24	; 0x05
    1276:	8d e3       	ldi	r24, 0x3D	; 61
    1278:	9e ef       	ldi	r25, 0xFE	; 254
    127a:	90 87       	std	Z+8, r25	; 0x08
    127c:	87 83       	std	Z+7, r24	; 0x07
    127e:	83 ee       	ldi	r24, 0xE3	; 227
    1280:	9f ef       	ldi	r25, 0xFF	; 255
    1282:	92 87       	std	Z+10, r25	; 0x0a
    1284:	81 87       	std	Z+9, r24	; 0x09
    1286:	88 e4       	ldi	r24, 0x48	; 72
    1288:	9f ef       	ldi	r25, 0xFF	; 255
    128a:	94 87       	std	Z+12, r25	; 0x0c
    128c:	83 87       	std	Z+11, r24	; 0x0b
    128e:	c1 e2       	ldi	r28, 0x21	; 33
    1290:	d2 e0       	ldi	r29, 0x02	; 2
    1292:	80 e2       	ldi	r24, 0x20	; 32
    1294:	92 e0       	ldi	r25, 0x02	; 2
    1296:	9e 83       	std	Y+6, r25	; 0x06
    1298:	8d 83       	std	Y+5, r24	; 0x05
    129a:	0e 94 ac 04 	call	0x958	; 0x958 <SPIClass::begin()>
    129e:	8a e0       	ldi	r24, 0x0A	; 10
    12a0:	88 83       	st	Y, r24
    12a2:	80 e8       	ldi	r24, 0x80	; 128
    12a4:	96 e9       	ldi	r25, 0x96	; 150
    12a6:	a8 e9       	ldi	r26, 0x98	; 152
    12a8:	b0 e0       	ldi	r27, 0x00	; 0
    12aa:	89 83       	std	Y+1, r24	; 0x01
    12ac:	9a 83       	std	Y+2, r25	; 0x02
    12ae:	ab 83       	std	Y+3, r26	; 0x03
    12b0:	bc 83       	std	Y+4, r27	; 0x04
    12b2:	8a e0       	ldi	r24, 0x0A	; 10
    12b4:	0e 94 8c 02 	call	0x518	; 0x518 <pinMode.constprop.39>
    12b8:	61 e0       	ldi	r22, 0x01	; 1
    12ba:	88 81       	ld	r24, Y
    12bc:	df 91       	pop	r29
    12be:	cf 91       	pop	r28
    12c0:	0c 94 69 03 	jmp	0x6d2	; 0x6d2 <digitalWrite>

000012c4 <main>:
main():
C:\Users\jasmine\AppData\Local\Arduino15\packages\MiniCore\hardware\avr\3.1.2\cores\MCUdude_corefiles/main.cpp:34

//void setupUSB() __attribute__((weak));
//void setupUSB() { }

int main(void)
{
    12c4:	cf 93       	push	r28
    12c6:	df 93       	push	r29
    12c8:	cd b7       	in	r28, 0x3d	; 61
    12ca:	de b7       	in	r29, 0x3e	; 62
    12cc:	a2 97       	sbiw	r28, 0x22	; 34
    12ce:	0f b6       	in	r0, 0x3f	; 63
    12d0:	f8 94       	cli
    12d2:	de bf       	out	0x3e, r29	; 62
    12d4:	0f be       	out	0x3f, r0	; 63
    12d6:	cd bf       	out	0x3d, r28	; 61
init():
C:\Users\jasmine\AppData\Local\Arduino15\packages\MiniCore\hardware\avr\3.1.2\cores\MCUdude_corefiles/wiring.c:945

void init()
{
  // this needs to be called before setup() or some functions won't
  // work there
  sei();
    12d8:	78 94       	sei
C:\Users\jasmine\AppData\Local\Arduino15\packages\MiniCore\hardware\avr\3.1.2\cores\MCUdude_corefiles/wiring.c:957

  // On the ATmega168, timer 0 is also used for fast hardware pwm
  // (using phase-correct PWM would mean that timer 0 overflowed half as often
  // resulting in different millis() behavior on the ATmega8 and ATmega168)
#if defined(TCCR0A) && defined(WGM01)
  TCCR0A |= _BV(WGM01) | _BV(WGM00);
    12da:	84 b5       	in	r24, 0x24	; 36
    12dc:	83 60       	ori	r24, 0x03	; 3
    12de:	84 bd       	out	0x24, r24	; 36
C:\Users\jasmine\AppData\Local\Arduino15\packages\MiniCore\hardware\avr\3.1.2\cores\MCUdude_corefiles/wiring.c:972
  #if defined(WGM00) && defined(WGM01) // The ATmega8 doesn't have WGM00 and WGM01
    TCCR0 |= _BV(WGM01) | _BV(WGM00);
  #endif
#elif defined(TCCR0B) && defined(CS01) && defined(CS00)
  // This combination is for the standard 168/328/640/1280/1281/2560/2561
  TCCR0B |= _BV(CS01) | _BV(CS00);
    12e0:	85 b5       	in	r24, 0x25	; 37
    12e2:	83 60       	ori	r24, 0x03	; 3
    12e4:	85 bd       	out	0x25, r24	; 37
C:\Users\jasmine\AppData\Local\Arduino15\packages\MiniCore\hardware\avr\3.1.2\cores\MCUdude_corefiles/wiring.c:984

// Enable timer 0 overflow interrupt
#if defined(TIMSK) && defined(TOIE0)
  TIMSK |= _BV(TOIE0);
#elif defined(TIMSK0) && defined(TOIE0)
  TIMSK0 |= _BV(TOIE0);
    12e6:	80 91 6e 00 	lds	r24, 0x006E	; 0x80006e <__DATA_REGION_ORIGIN__+0xe>
    12ea:	81 60       	ori	r24, 0x01	; 1
    12ec:	80 93 6e 00 	sts	0x006E, r24	; 0x80006e <__DATA_REGION_ORIGIN__+0xe>
C:\Users\jasmine\AppData\Local\Arduino15\packages\MiniCore\hardware\avr\3.1.2\cores\MCUdude_corefiles/wiring.c:995
// this is better for motors as it ensures an even waveform
// note, however, that fast pwm mode can achieve a frequency of up
// 8 MHz (with a 16 MHz clock) at 50% duty cycle

#if defined(TCCR1B) && defined(CS11) && defined(CS10)
  TCCR1B = _BV(CS11); // Set timer 1 prescale factor to 64
    12f0:	82 e0       	ldi	r24, 0x02	; 2
    12f2:	80 93 81 00 	sts	0x0081, r24	; 0x800081 <__DATA_REGION_ORIGIN__+0x21>
C:\Users\jasmine\AppData\Local\Arduino15\packages\MiniCore\hardware\avr\3.1.2\cores\MCUdude_corefiles/wiring.c:997
#if F_CPU >= 8000000L
  TCCR1B |= _BV(CS10);
    12f6:	80 91 81 00 	lds	r24, 0x0081	; 0x800081 <__DATA_REGION_ORIGIN__+0x21>
    12fa:	81 60       	ori	r24, 0x01	; 1
    12fc:	80 93 81 00 	sts	0x0081, r24	; 0x800081 <__DATA_REGION_ORIGIN__+0x21>
C:\Users\jasmine\AppData\Local\Arduino15\packages\MiniCore\hardware\avr\3.1.2\cores\MCUdude_corefiles/wiring.c:1006
#if F_CPU >= 8000000L
  TCCR1 |= _BV(CS10);
#endif
#endif
#if defined(TCCR1A) && defined(WGM10)
  TCCR1A |= _BV(WGM10); // Put timer 1 in 8-bit phase correct pwm mode
    1300:	80 91 80 00 	lds	r24, 0x0080	; 0x800080 <__DATA_REGION_ORIGIN__+0x20>
    1304:	81 60       	ori	r24, 0x01	; 1
    1306:	80 93 80 00 	sts	0x0080, r24	; 0x800080 <__DATA_REGION_ORIGIN__+0x20>
C:\Users\jasmine\AppData\Local\Arduino15\packages\MiniCore\hardware\avr\3.1.2\cores\MCUdude_corefiles/wiring.c:1013

// Set timer 2 prescale factor to 64
#if defined(TCCR2) && defined(CS22)
  TCCR2 |= _BV(CS22);
#elif defined(TCCR2B) && defined(CS22)
  TCCR2B |= _BV(CS22);
    130a:	80 91 b1 00 	lds	r24, 0x00B1	; 0x8000b1 <__DATA_REGION_ORIGIN__+0x51>
    130e:	84 60       	ori	r24, 0x04	; 4
    1310:	80 93 b1 00 	sts	0x00B1, r24	; 0x8000b1 <__DATA_REGION_ORIGIN__+0x51>
C:\Users\jasmine\AppData\Local\Arduino15\packages\MiniCore\hardware\avr\3.1.2\cores\MCUdude_corefiles/wiring.c:1022

// Configure timer 2 for phase correct pwm (8-bit)
#if defined(TCCR2) && defined(WGM20)
  TCCR2 |= _BV(WGM20);
#elif defined(TCCR2A) && defined(WGM20)
  TCCR2A |= _BV(WGM20);
    1314:	80 91 b0 00 	lds	r24, 0x00B0	; 0x8000b0 <__DATA_REGION_ORIGIN__+0x50>
    1318:	81 60       	ori	r24, 0x01	; 1
    131a:	80 93 b0 00 	sts	0x00B0, r24	; 0x8000b0 <__DATA_REGION_ORIGIN__+0x50>
C:\Users\jasmine\AppData\Local\Arduino15\packages\MiniCore\hardware\avr\3.1.2\cores\MCUdude_corefiles/wiring.c:1050
#endif

#if defined(ADCSRA)
  // set a2d prescaler so we are inside the desired 50-200 KHz range.
  #if F_CPU >= 16000000 // 16 MHz / 128 = 125 KHz
    ADCSRA = _BV(ADPS2) | _BV(ADPS1) | _BV(ADPS0) | _BV(ADEN);
    131e:	87 e8       	ldi	r24, 0x87	; 135
    1320:	80 93 7a 00 	sts	0x007A, r24	; 0x80007a <__DATA_REGION_ORIGIN__+0x1a>
C:\Users\jasmine\AppData\Local\Arduino15\packages\MiniCore\hardware\avr\3.1.2\cores\MCUdude_corefiles/wiring.c:1070
  // here so they can be used as normal digital i/o; they will be
  // reconnected in Serial.begin()
#if defined(UCSRB)
  UCSRB = 0;
#elif defined(UCSR0B)
  UCSR0B = 0;
    1324:	10 92 c1 00 	sts	0x00C1, r1	; 0x8000c1 <__DATA_REGION_ORIGIN__+0x61>
setup():
C:\Users\jasmine\Documents\GitHub\GEN6_ELEC\SSRU_v4.0\SSRU_v4.0/SSRU_v4.0.ino:67

// ==========================================
// 3. MAIN SETUP & LOOP
// ==========================================
void setup() {
  SPI.begin();
    1328:	0e 94 ac 04 	call	0x958	; 0x958 <SPIClass::begin()>
reset():
c:\Users\jasmine\Documents\Arduino\libraries\autowp-mcp2515/mcp2515.cpp:43
    SPIn->endTransaction();
}

MCP2515::ERROR MCP2515::reset(void)
{
    startSPI();
    132c:	0e 94 0d 05 	call	0xa1a	; 0xa1a <MCP2515::startSPI() [clone .constprop.26]>
c:\Users\jasmine\Documents\Arduino\libraries\autowp-mcp2515/mcp2515.cpp:44
    SPIn->transfer(INSTRUCTION_RESET);
    1330:	80 ec       	ldi	r24, 0xC0	; 192
    1332:	0e 94 a5 04 	call	0x94a	; 0x94a <SPIClass::transfer(unsigned char)>
c:\Users\jasmine\Documents\Arduino\libraries\autowp-mcp2515/mcp2515.cpp:45
    endSPI();
    1336:	0e 94 b5 03 	call	0x76a	; 0x76a <MCP2515::endSPI() [clone .constprop.29]>
delay():
C:\Users\jasmine\AppData\Local\Arduino15\packages\MiniCore\hardware\avr\3.1.2\cores\MCUdude_corefiles/wiring.c:397
#endif // 0
}

void delay(unsigned long ms)
{
  unsigned long start = micros();
    133a:	0e 94 d2 03 	call	0x7a4	; 0x7a4 <micros>
    133e:	4b 01       	movw	r8, r22
    1340:	5c 01       	movw	r10, r24
    1342:	3a e0       	ldi	r19, 0x0A	; 10
    1344:	c3 2e       	mov	r12, r19
    1346:	d1 2c       	mov	r13, r1
    1348:	e1 2c       	mov	r14, r1
    134a:	f1 2c       	mov	r15, r1
C:\Users\jasmine\AppData\Local\Arduino15\packages\MiniCore\hardware\avr\3.1.2\cores\MCUdude_corefiles/wiring.c:401

  while (ms > 0UL) {
    yield();
    while (ms > 0UL && (micros() - start) >= 1000UL) {
    134c:	0e 94 d2 03 	call	0x7a4	; 0x7a4 <micros>
    1350:	68 19       	sub	r22, r8
    1352:	79 09       	sbc	r23, r9
    1354:	8a 09       	sbc	r24, r10
    1356:	9b 09       	sbc	r25, r11
    1358:	68 3e       	cpi	r22, 0xE8	; 232
    135a:	73 40       	sbci	r23, 0x03	; 3
    135c:	81 05       	cpc	r24, r1
    135e:	91 05       	cpc	r25, r1
    1360:	a8 f3       	brcs	.-22     	; 0x134c <main+0x88>
C:\Users\jasmine\AppData\Local\Arduino15\packages\MiniCore\hardware\avr\3.1.2\cores\MCUdude_corefiles/wiring.c:402
      ms--;
    1362:	21 e0       	ldi	r18, 0x01	; 1
    1364:	c2 1a       	sub	r12, r18
    1366:	d1 08       	sbc	r13, r1
    1368:	e1 08       	sbc	r14, r1
    136a:	f1 08       	sbc	r15, r1
C:\Users\jasmine\AppData\Local\Arduino15\packages\MiniCore\hardware\avr\3.1.2\cores\MCUdude_corefiles/wiring.c:403
      start += 1000UL;
    136c:	38 ee       	ldi	r19, 0xE8	; 232
    136e:	83 0e       	add	r8, r19
    1370:	33 e0       	ldi	r19, 0x03	; 3
    1372:	93 1e       	adc	r9, r19
    1374:	a1 1c       	adc	r10, r1
    1376:	b1 1c       	adc	r11, r1
C:\Users\jasmine\AppData\Local\Arduino15\packages\MiniCore\hardware\avr\3.1.2\cores\MCUdude_corefiles/wiring.c:401
{
  unsigned long start = micros();

  while (ms > 0UL) {
    yield();
    while (ms > 0UL && (micros() - start) >= 1000UL) {
    1378:	c1 14       	cp	r12, r1
    137a:	d1 04       	cpc	r13, r1
    137c:	e1 04       	cpc	r14, r1
    137e:	f1 04       	cpc	r15, r1
    1380:	29 f7       	brne	.-54     	; 0x134c <main+0x88>
reset():
c:\Users\jasmine\Documents\Arduino\libraries\autowp-mcp2515/mcp2515.cpp:50

    delay(10);

    uint8_t zeros[14];
    memset(zeros, 0, sizeof(zeros));
    1382:	8e 01       	movw	r16, r28
    1384:	0f 5f       	subi	r16, 0xFF	; 255
    1386:	1f 4f       	sbci	r17, 0xFF	; 255
    1388:	8e e0       	ldi	r24, 0x0E	; 14
    138a:	f8 01       	movw	r30, r16
    138c:	11 92       	st	Z+, r1
    138e:	8a 95       	dec	r24
    1390:	e9 f7       	brne	.-6      	; 0x138c <main+0xc8>
c:\Users\jasmine\Documents\Arduino\libraries\autowp-mcp2515/mcp2515.cpp:51
    setRegisters(MCP_TXB0CTRL, zeros, 14);
    1392:	4e e0       	ldi	r20, 0x0E	; 14
    1394:	b8 01       	movw	r22, r16
    1396:	80 e3       	ldi	r24, 0x30	; 48
    1398:	0e 94 b3 05 	call	0xb66	; 0xb66 <MCP2515::setRegisters(MCP2515::REGISTER, unsigned char const*, unsigned char) [clone .constprop.17]>
c:\Users\jasmine\Documents\Arduino\libraries\autowp-mcp2515/mcp2515.cpp:52
    setRegisters(MCP_TXB1CTRL, zeros, 14);
    139c:	4e e0       	ldi	r20, 0x0E	; 14
    139e:	b8 01       	movw	r22, r16
    13a0:	80 e4       	ldi	r24, 0x40	; 64
    13a2:	0e 94 b3 05 	call	0xb66	; 0xb66 <MCP2515::setRegisters(MCP2515::REGISTER, unsigned char const*, unsigned char) [clone .constprop.17]>
c:\Users\jasmine\Documents\Arduino\libraries\autowp-mcp2515/mcp2515.cpp:53
    setRegisters(MCP_TXB2CTRL, zeros, 14);
    13a6:	4e e0       	ldi	r20, 0x0E	; 14
    13a8:	b8 01       	movw	r22, r16
    13aa:	80 e5       	ldi	r24, 0x50	; 80
    13ac:	0e 94 b3 05 	call	0xb66	; 0xb66 <MCP2515::setRegisters(MCP2515::REGISTER, unsigned char const*, unsigned char) [clone .constprop.17]>
c:\Users\jasmine\Documents\Arduino\libraries\autowp-mcp2515/mcp2515.cpp:55

    setRegister(MCP_RXB0CTRL, 0);
    13b0:	60 e0       	ldi	r22, 0x00	; 0
    13b2:	80 e6       	ldi	r24, 0x60	; 96
    13b4:	0e 94 a0 05 	call	0xb40	; 0xb40 <MCP2515::setRegister(MCP2515::REGISTER, unsigned char) [clone .constprop.21]>
c:\Users\jasmine\Documents\Arduino\libraries\autowp-mcp2515/mcp2515.cpp:56
    setRegister(MCP_RXB1CTRL, 0);
    13b8:	60 e0       	ldi	r22, 0x00	; 0
    13ba:	80 e7       	ldi	r24, 0x70	; 112
    13bc:	0e 94 a0 05 	call	0xb40	; 0xb40 <MCP2515::setRegister(MCP2515::REGISTER, unsigned char) [clone .constprop.21]>
c:\Users\jasmine\Documents\Arduino\libraries\autowp-mcp2515/mcp2515.cpp:58

    setRegister(MCP_CANINTE, CANINTF_RX0IF | CANINTF_RX1IF | CANINTF_ERRIF | CANINTF_MERRF);
    13c0:	63 ea       	ldi	r22, 0xA3	; 163
    13c2:	8b e2       	ldi	r24, 0x2B	; 43
    13c4:	0e 94 a0 05 	call	0xb40	; 0xb40 <MCP2515::setRegister(MCP2515::REGISTER, unsigned char) [clone .constprop.21]>
c:\Users\jasmine\Documents\Arduino\libraries\autowp-mcp2515/mcp2515.cpp:62

    // receives all valid messages using either Standard or Extended Identifiers that
    // meet filter criteria. RXF0 is applied for RXB0, RXF1 is applied for RXB1
    modifyRegister(MCP_RXB0CTRL,
    13c8:	44 e0       	ldi	r20, 0x04	; 4
    13ca:	67 e6       	ldi	r22, 0x67	; 103
    13cc:	80 e6       	ldi	r24, 0x60	; 96
    13ce:	0e 94 4a 05 	call	0xa94	; 0xa94 <MCP2515::modifyRegister(MCP2515::REGISTER, unsigned char, unsigned char) [clone .constprop.24]>
c:\Users\jasmine\Documents\Arduino\libraries\autowp-mcp2515/mcp2515.cpp:65
                   RXBnCTRL_RXM_MASK | RXB0CTRL_BUKT | RXB0CTRL_FILHIT_MASK,
                   RXBnCTRL_RXM_STDEXT | RXB0CTRL_BUKT | RXB0CTRL_FILHIT);
    modifyRegister(MCP_RXB1CTRL,
    13d2:	41 e0       	ldi	r20, 0x01	; 1
    13d4:	67 e6       	ldi	r22, 0x67	; 103
    13d6:	80 e7       	ldi	r24, 0x70	; 112
    13d8:	0e 94 4a 05 	call	0xa94	; 0xa94 <MCP2515::modifyRegister(MCP2515::REGISTER, unsigned char, unsigned char) [clone .constprop.24]>
c:\Users\jasmine\Documents\Arduino\libraries\autowp-mcp2515/mcp2515.cpp:72
                   RXBnCTRL_RXM_STDEXT | RXB1CTRL_FILHIT);

    // clear filters and masks
    // do not filter any standard frames for RXF0 used by RXB0
    // do not filter any extended frames for RXF1 used by RXB1
    RXF filters[] = {RXF0, RXF1, RXF2, RXF3, RXF4, RXF5};
    13dc:	8c e0       	ldi	r24, 0x0C	; 12
    13de:	e6 e0       	ldi	r30, 0x06	; 6
    13e0:	f1 e0       	ldi	r31, 0x01	; 1
    13e2:	de 01       	movw	r26, r28
    13e4:	1f 96       	adiw	r26, 0x0f	; 15
    13e6:	01 90       	ld	r0, Z+
    13e8:	0d 92       	st	X+, r0
    13ea:	8a 95       	dec	r24
    13ec:	e1 f7       	brne	.-8      	; 0x13e6 <main+0x122>
    13ee:	6e 01       	movw	r12, r28
    13f0:	ff e0       	ldi	r31, 0x0F	; 15
    13f2:	cf 0e       	add	r12, r31
    13f4:	d1 1c       	adc	r13, r1
main():
c:\Users\jasmine\Documents\Arduino\libraries\autowp-mcp2515/mcp2515.cpp:73
    for (int i=0; i<6; i++) {
    13f6:	f1 2c       	mov	r15, r1
    13f8:	e1 2c       	mov	r14, r1
c:\Users\jasmine\Documents\Arduino\libraries\autowp-mcp2515/mcp2515.cpp:582
    REGISTER reg;

    switch (num) {
        case RXF0: reg = MCP_RXF0SIDH; break;
        case RXF1: reg = MCP_RXF1SIDH; break;
        case RXF2: reg = MCP_RXF2SIDH; break;
    13fa:	28 e0       	ldi	r18, 0x08	; 8
    13fc:	b2 2e       	mov	r11, r18
reset():
c:\Users\jasmine\Documents\Arduino\libraries\autowp-mcp2515/mcp2515.cpp:75
    // do not filter any standard frames for RXF0 used by RXB0
    // do not filter any extended frames for RXF1 used by RXB1
    RXF filters[] = {RXF0, RXF1, RXF2, RXF3, RXF4, RXF5};
    for (int i=0; i<6; i++) {
        bool ext = (i == 1);
        ERROR result = setFilter(filters[i], ext, 0);
    13fe:	f6 01       	movw	r30, r12
    1400:	01 91       	ld	r16, Z+
    1402:	11 91       	ld	r17, Z+
    1404:	6f 01       	movw	r12, r30
setConfigMode():
c:\Users\jasmine\Documents\Arduino\libraries\autowp-mcp2515/mcp2515.cpp:157
    return i;
}

MCP2515::ERROR MCP2515::setConfigMode()
{
    return setMode(CANCTRL_REQOP_CONFIG);
    1406:	80 e8       	ldi	r24, 0x80	; 128
    1408:	0e 94 63 05 	call	0xac6	; 0xac6 <MCP2515::setMode(MCP2515::CANCTRL_REQOP_MODE) [clone .constprop.23]>
setFilter():
c:\Users\jasmine\Documents\Arduino\libraries\autowp-mcp2515/mcp2515.cpp:573
}

MCP2515::ERROR MCP2515::setFilter(const RXF num, const bool ext, const uint32_t ulData)
{
    ERROR res = setConfigMode();
    if (res != ERROR_OK) {
    140c:	89 2b       	or	r24, r25
    140e:	71 f4       	brne	.+28     	; 0x142c <main+0x168>
c:\Users\jasmine\Documents\Arduino\libraries\autowp-mcp2515/mcp2515.cpp:579
        return res;
    }

    REGISTER reg;

    switch (num) {
    1410:	02 30       	cpi	r16, 0x02	; 2
    1412:	11 05       	cpc	r17, r1
    1414:	09 f4       	brne	.+2      	; 0x1418 <main+0x154>
    1416:	a9 c1       	rjmp	.+850    	; 0x176a <main+0x4a6>
    1418:	08 f0       	brcs	.+2      	; 0x141c <main+0x158>
    141a:	54 c1       	rjmp	.+680    	; 0x16c4 <main+0x400>
    141c:	01 15       	cp	r16, r1
    141e:	11 05       	cpc	r17, r1
    1420:	09 f4       	brne	.+2      	; 0x1424 <main+0x160>
    1422:	a9 c1       	rjmp	.+850    	; 0x1776 <main+0x4b2>
    1424:	01 30       	cpi	r16, 0x01	; 1
    1426:	11 05       	cpc	r17, r1
    1428:	09 f4       	brne	.+2      	; 0x142c <main+0x168>
    142a:	58 c1       	rjmp	.+688    	; 0x16dc <main+0x418>
setConfigMode():
c:\Users\jasmine\Documents\Arduino\libraries\autowp-mcp2515/mcp2515.cpp:157
    return i;
}

MCP2515::ERROR MCP2515::setConfigMode()
{
    return setMode(CANCTRL_REQOP_CONFIG);
    142c:	80 e8       	ldi	r24, 0x80	; 128
    142e:	0e 94 63 05 	call	0xac6	; 0xac6 <MCP2515::setMode(MCP2515::CANCTRL_REQOP_MODE) [clone .constprop.23]>
setBitrate():
c:\Users\jasmine\Documents\Arduino\libraries\autowp-mcp2515/mcp2515.cpp:214
}

MCP2515::ERROR MCP2515::setBitrate(const CAN_SPEED canSpeed, CAN_CLOCK canClock)
{
    ERROR error = setConfigMode();
    if (error != ERROR_OK) {
    1432:	89 2b       	or	r24, r25
    1434:	61 f4       	brne	.+24     	; 0x144e <main+0x18a>
c:\Users\jasmine\Documents\Arduino\libraries\autowp-mcp2515/mcp2515.cpp:495
        set = 0;
        break;
    }

    if (set) {
        setRegister(MCP_CNF1, cfg1);
    1436:	60 e0       	ldi	r22, 0x00	; 0
    1438:	8a e2       	ldi	r24, 0x2A	; 42
    143a:	0e 94 a0 05 	call	0xb40	; 0xb40 <MCP2515::setRegister(MCP2515::REGISTER, unsigned char) [clone .constprop.21]>
c:\Users\jasmine\Documents\Arduino\libraries\autowp-mcp2515/mcp2515.cpp:496
        setRegister(MCP_CNF2, cfg2);
    143e:	6a ef       	ldi	r22, 0xFA	; 250
    1440:	89 e2       	ldi	r24, 0x29	; 41
    1442:	0e 94 a0 05 	call	0xb40	; 0xb40 <MCP2515::setRegister(MCP2515::REGISTER, unsigned char) [clone .constprop.21]>
c:\Users\jasmine\Documents\Arduino\libraries\autowp-mcp2515/mcp2515.cpp:497
        setRegister(MCP_CNF3, cfg3);
    1446:	67 e8       	ldi	r22, 0x87	; 135
    1448:	88 e2       	ldi	r24, 0x28	; 40
    144a:	0e 94 a0 05 	call	0xb40	; 0xb40 <MCP2515::setRegister(MCP2515::REGISTER, unsigned char) [clone .constprop.21]>
setNormalMode():
c:\Users\jasmine\Documents\Arduino\libraries\autowp-mcp2515/mcp2515.cpp:177
    return setMode(CANCTRL_REQOP_LOOPBACK);
}

MCP2515::ERROR MCP2515::setNormalMode()
{
    return setMode(CANCTRL_REQOP_NORMAL);
    144e:	80 e0       	ldi	r24, 0x00	; 0
    1450:	0e 94 63 05 	call	0xac6	; 0xac6 <MCP2515::setMode(MCP2515::CANCTRL_REQOP_MODE) [clone .constprop.23]>
begin():
C:\Users\jasmine\AppData\Local\Arduino15\packages\MiniCore\hardware\avr\3.1.2\libraries\Wire\src/Wire.cpp:61

// Public Methods //////////////////////////////////////////////////////////////

void TwoWire::begin(void)
{
  rxBufferIndex = 0;
    1454:	10 92 e2 01 	sts	0x01E2, r1	; 0x8001e2 <TwoWire::rxBufferIndex>
C:\Users\jasmine\AppData\Local\Arduino15\packages\MiniCore\hardware\avr\3.1.2\libraries\Wire\src/Wire.cpp:62
  rxBufferLength = 0;
    1458:	10 92 e1 01 	sts	0x01E1, r1	; 0x8001e1 <TwoWire::rxBufferLength>
C:\Users\jasmine\AppData\Local\Arduino15\packages\MiniCore\hardware\avr\3.1.2\libraries\Wire\src/Wire.cpp:64

  txBufferIndex = 0;
    145c:	10 92 f1 01 	sts	0x01F1, r1	; 0x8001f1 <TwoWire::txBufferIndex>
C:\Users\jasmine\AppData\Local\Arduino15\packages\MiniCore\hardware\avr\3.1.2\libraries\Wire\src/Wire.cpp:65
  txBufferLength = 0;
    1460:	10 92 13 02 	sts	0x0213, r1	; 0x800213 <TwoWire::txBufferLength>
twi_init():
C:\Users\jasmine\AppData\Local\Arduino15\packages\MiniCore\hardware\avr\3.1.2\libraries\Wire\src\utility/twi.c:84
 * Output   none
 */
void twi_init(void)
{
  // initialize state
  twi_state = TWI_READY;
    1464:	10 92 ef 01 	sts	0x01EF, r1	; 0x8001ef <twi_state>
C:\Users\jasmine\AppData\Local\Arduino15\packages\MiniCore\hardware\avr\3.1.2\libraries\Wire\src\utility/twi.c:85
  twi_sendStop = true; // default value
    1468:	81 e0       	ldi	r24, 0x01	; 1
    146a:	80 93 ee 01 	sts	0x01EE, r24	; 0x8001ee <twi_sendStop>
C:\Users\jasmine\AppData\Local\Arduino15\packages\MiniCore\hardware\avr\3.1.2\libraries\Wire\src\utility/twi.c:86
  twi_inRepStart = false;
    146e:	10 92 e7 01 	sts	0x01E7, r1	; 0x8001e7 <twi_inRepStart>
C:\Users\jasmine\AppData\Local\Arduino15\packages\MiniCore\hardware\avr\3.1.2\libraries\Wire\src\utility/twi.c:89

  // activate internal pullups for twi.
  digitalWrite(SDA, 1);
    1472:	61 e0       	ldi	r22, 0x01	; 1
    1474:	82 e1       	ldi	r24, 0x12	; 18
    1476:	0e 94 69 03 	call	0x6d2	; 0x6d2 <digitalWrite>
C:\Users\jasmine\AppData\Local\Arduino15\packages\MiniCore\hardware\avr\3.1.2\libraries\Wire\src\utility/twi.c:90
  digitalWrite(SCL, 1);
    147a:	61 e0       	ldi	r22, 0x01	; 1
    147c:	83 e1       	ldi	r24, 0x13	; 19
    147e:	0e 94 69 03 	call	0x6d2	; 0x6d2 <digitalWrite>
C:\Users\jasmine\AppData\Local\Arduino15\packages\MiniCore\hardware\avr\3.1.2\libraries\Wire\src\utility/twi.c:93

  // initialize twi prescaler and bit rate
  cbi(TWSR, TWPS0);
    1482:	80 91 b9 00 	lds	r24, 0x00B9	; 0x8000b9 <__DATA_REGION_ORIGIN__+0x59>
    1486:	8e 7f       	andi	r24, 0xFE	; 254
    1488:	80 93 b9 00 	sts	0x00B9, r24	; 0x8000b9 <__DATA_REGION_ORIGIN__+0x59>
C:\Users\jasmine\AppData\Local\Arduino15\packages\MiniCore\hardware\avr\3.1.2\libraries\Wire\src\utility/twi.c:94
  cbi(TWSR, TWPS1);
    148c:	80 91 b9 00 	lds	r24, 0x00B9	; 0x8000b9 <__DATA_REGION_ORIGIN__+0x59>
    1490:	8d 7f       	andi	r24, 0xFD	; 253
    1492:	80 93 b9 00 	sts	0x00B9, r24	; 0x8000b9 <__DATA_REGION_ORIGIN__+0x59>
C:\Users\jasmine\AppData\Local\Arduino15\packages\MiniCore\hardware\avr\3.1.2\libraries\Wire\src\utility/twi.c:95
  TWBR = ((F_CPU / TWI_FREQ) - 16) / 2;
    1496:	88 e4       	ldi	r24, 0x48	; 72
    1498:	80 93 b8 00 	sts	0x00B8, r24	; 0x8000b8 <__DATA_REGION_ORIGIN__+0x58>
C:\Users\jasmine\AppData\Local\Arduino15\packages\MiniCore\hardware\avr\3.1.2\libraries\Wire\src\utility/twi.c:103
  SCL Frequency = CPU Clock Frequency / (16 + (2 * TWBR))
  note: TWBR should be 10 or higher for master mode
  It is 72 for a 16mhz Wiring board with 100kHz TWI */

  // enable twi module, acks, and twi interrupt
  TWCR = _BV(TWEN) | _BV(TWIE) | _BV(TWEA);
    149c:	85 e4       	ldi	r24, 0x45	; 69
    149e:	80 93 bc 00 	sts	0x00BC, r24	; 0x8000bc <__DATA_REGION_ORIGIN__+0x5c>
twi_attachSlaveTxEvent():
C:\Users\jasmine\AppData\Local\Arduino15\packages\MiniCore\hardware\avr\3.1.2\libraries\Wire\src\utility/twi.c:408
 * Input    function: callback function to use
 * Output   none
 */
void twi_attachSlaveTxEvent( void (*function)(void) )
{
  twi_onSlaveTransmit = function;
    14a2:	87 ef       	ldi	r24, 0xF7	; 247
    14a4:	93 e0       	ldi	r25, 0x03	; 3
    14a6:	90 93 7d 01 	sts	0x017D, r25	; 0x80017d <twi_onSlaveTransmit+0x1>
    14aa:	80 93 7c 01 	sts	0x017C, r24	; 0x80017c <twi_onSlaveTransmit>
twi_attachSlaveRxEvent():
C:\Users\jasmine\AppData\Local\Arduino15\packages\MiniCore\hardware\avr\3.1.2\libraries\Wire\src\utility/twi.c:397
 * Input    function: callback function to use
 * Output   none
 */
void twi_attachSlaveRxEvent( void (*function)(uint8_t*, int) )
{
  twi_onSlaveReceive = function;
    14ae:	88 ef       	ldi	r24, 0xF8	; 248
    14b0:	93 e0       	ldi	r25, 0x03	; 3
    14b2:	90 93 7b 01 	sts	0x017B, r25	; 0x80017b <twi_onSlaveReceive+0x1>
    14b6:	80 93 7a 01 	sts	0x017A, r24	; 0x80017a <twi_onSlaveReceive>
setup():
C:\Users\jasmine\Documents\GitHub\GEN6_ELEC\SSRU_v4.0\SSRU_v4.0/SSRU_v4.0.ino:74
  mcp2515.setBitrate(CAN_500KBPS, MCP_20MHZ);
  mcp2515.setNormalMode();
  Wire.begin();
  
  #ifdef FRONT
  mpu1.wakeSensor();
    14ba:	85 e3       	ldi	r24, 0x35	; 53
    14bc:	92 e0       	ldi	r25, 0x02	; 2
    14be:	0e 94 f7 04 	call	0x9ee	; 0x9ee <MPU6050::wakeSensor()>
C:\Users\jasmine\Documents\GitHub\GEN6_ELEC\SSRU_v4.0\SSRU_v4.0/SSRU_v4.0.ino:75
  mpu4.wakeSensor();
    14c2:	88 e2       	ldi	r24, 0x28	; 40
    14c4:	92 e0       	ldi	r25, 0x02	; 2
    14c6:	0e 94 f7 04 	call	0x9ee	; 0x9ee <MPU6050::wakeSensor()>
C:\Users\jasmine\Documents\GitHub\GEN6_ELEC\SSRU_v4.0\SSRU_v4.0/SSRU_v4.0.ino:77
    
  can700.can_id = 0x700;
    14ca:	80 e0       	ldi	r24, 0x00	; 0
    14cc:	97 e0       	ldi	r25, 0x07	; 7
    14ce:	a0 e0       	ldi	r26, 0x00	; 0
    14d0:	b0 e0       	ldi	r27, 0x00	; 0
    14d2:	80 93 a8 01 	sts	0x01A8, r24	; 0x8001a8 <can700>
    14d6:	90 93 a9 01 	sts	0x01A9, r25	; 0x8001a9 <can700+0x1>
    14da:	a0 93 aa 01 	sts	0x01AA, r26	; 0x8001aa <can700+0x2>
    14de:	b0 93 ab 01 	sts	0x01AB, r27	; 0x8001ab <can700+0x3>
C:\Users\jasmine\Documents\GitHub\GEN6_ELEC\SSRU_v4.0\SSRU_v4.0/SSRU_v4.0.ino:78
  can700.can_dlc = 8;
    14e2:	88 e0       	ldi	r24, 0x08	; 8
    14e4:	80 93 ac 01 	sts	0x01AC, r24	; 0x8001ac <can700+0x4>
C:\Users\jasmine\Documents\GitHub\GEN6_ELEC\SSRU_v4.0\SSRU_v4.0/SSRU_v4.0.ino:80
    
  can701.can_id = 0x701;
    14e8:	41 e0       	ldi	r20, 0x01	; 1
    14ea:	57 e0       	ldi	r21, 0x07	; 7
    14ec:	60 e0       	ldi	r22, 0x00	; 0
    14ee:	70 e0       	ldi	r23, 0x00	; 0
    14f0:	40 93 98 01 	sts	0x0198, r20	; 0x800198 <can701>
    14f4:	50 93 99 01 	sts	0x0199, r21	; 0x800199 <can701+0x1>
    14f8:	60 93 9a 01 	sts	0x019A, r22	; 0x80019a <can701+0x2>
    14fc:	70 93 9b 01 	sts	0x019B, r23	; 0x80019b <can701+0x3>
C:\Users\jasmine\Documents\GitHub\GEN6_ELEC\SSRU_v4.0\SSRU_v4.0/SSRU_v4.0.ino:81
  can701.can_dlc = 8;
    1500:	80 93 9c 01 	sts	0x019C, r24	; 0x80019c <can701+0x4>
C:\Users\jasmine\Documents\GitHub\GEN6_ELEC\SSRU_v4.0\SSRU_v4.0/SSRU_v4.0.ino:83
    
  can702.can_id = 0x702;
    1504:	82 e0       	ldi	r24, 0x02	; 2
    1506:	97 e0       	ldi	r25, 0x07	; 7
    1508:	a0 e0       	ldi	r26, 0x00	; 0
    150a:	b0 e0       	ldi	r27, 0x00	; 0
    150c:	80 93 88 01 	sts	0x0188, r24	; 0x800188 <can702>
    1510:	90 93 89 01 	sts	0x0189, r25	; 0x800189 <can702+0x1>
    1514:	a0 93 8a 01 	sts	0x018A, r26	; 0x80018a <can702+0x2>
    1518:	b0 93 8b 01 	sts	0x018B, r27	; 0x80018b <can702+0x3>
C:\Users\jasmine\Documents\GitHub\GEN6_ELEC\SSRU_v4.0\SSRU_v4.0/SSRU_v4.0.ino:84
  can702.can_dlc = 3;
    151c:	83 e0       	ldi	r24, 0x03	; 3
    151e:	80 93 8c 01 	sts	0x018C, r24	; 0x80018c <can702+0x4>
main():
C:\Users\jasmine\AppData\Local\Arduino15\packages\MiniCore\hardware\avr\3.1.2\cores\MCUdude_corefiles/main.cpp:47
  
  setup();
    
  for (;;) {
    loop();
    if (serialEventRun) serialEventRun();
    1522:	80 e0       	ldi	r24, 0x00	; 0
    1524:	a8 2e       	mov	r10, r24
    1526:	80 e0       	ldi	r24, 0x00	; 0
    1528:	b8 2e       	mov	r11, r24
millis():
C:\Users\jasmine\AppData\Local\Arduino15\packages\MiniCore\hardware\avr\3.1.2\cores\MCUdude_corefiles/wiring.c:218
}

unsigned long millis()
{
  unsigned long m;
  uint8_t oldSREG = SREG;
    152a:	8f b7       	in	r24, 0x3f	; 63
C:\Users\jasmine\AppData\Local\Arduino15\packages\MiniCore\hardware\avr\3.1.2\cores\MCUdude_corefiles/wiring.c:222

  // disable interrupts while we read timer0_millis or we might get an
  // inconsistent value (e.g. in the middle of a write to timer0_millis)
  cli();
    152c:	f8 94       	cli
C:\Users\jasmine\AppData\Local\Arduino15\packages\MiniCore\hardware\avr\3.1.2\cores\MCUdude_corefiles/wiring.c:223
  m = timer0_millis;
    152e:	c0 90 e3 01 	lds	r12, 0x01E3	; 0x8001e3 <timer0_millis>
    1532:	d0 90 e4 01 	lds	r13, 0x01E4	; 0x8001e4 <timer0_millis+0x1>
    1536:	e0 90 e5 01 	lds	r14, 0x01E5	; 0x8001e5 <timer0_millis+0x2>
    153a:	f0 90 e6 01 	lds	r15, 0x01E6	; 0x8001e6 <timer0_millis+0x3>
C:\Users\jasmine\AppData\Local\Arduino15\packages\MiniCore\hardware\avr\3.1.2\cores\MCUdude_corefiles/wiring.c:224
  SREG = oldSREG;
    153e:	8f bf       	out	0x3f, r24	; 63
loop():
C:\Users\jasmine\Documents\GitHub\GEN6_ELEC\SSRU_v4.0\SSRU_v4.0/SSRU_v4.0.ino:106
  unsigned long currentMillis = millis();

  // ===========
  // 100ms LOOP
  // ===========
  if (currentMillis - last100ms >= 100) {
    1540:	80 91 b8 01 	lds	r24, 0x01B8	; 0x8001b8 <last100ms>
    1544:	90 91 b9 01 	lds	r25, 0x01B9	; 0x8001b9 <last100ms+0x1>
    1548:	a0 91 ba 01 	lds	r26, 0x01BA	; 0x8001ba <last100ms+0x2>
    154c:	b0 91 bb 01 	lds	r27, 0x01BB	; 0x8001bb <last100ms+0x3>
    1550:	a7 01       	movw	r20, r14
    1552:	96 01       	movw	r18, r12
    1554:	28 1b       	sub	r18, r24
    1556:	39 0b       	sbc	r19, r25
    1558:	4a 0b       	sbc	r20, r26
    155a:	5b 0b       	sbc	r21, r27
    155c:	da 01       	movw	r26, r20
    155e:	c9 01       	movw	r24, r18
    1560:	84 36       	cpi	r24, 0x64	; 100
    1562:	91 05       	cpc	r25, r1
    1564:	a1 05       	cpc	r26, r1
    1566:	b1 05       	cpc	r27, r1
    1568:	08 f4       	brcc	.+2      	; 0x156c <main+0x2a8>
    156a:	7f c0       	rjmp	.+254    	; 0x166a <main+0x3a6>
C:\Users\jasmine\Documents\GitHub\GEN6_ELEC\SSRU_v4.0\SSRU_v4.0/SSRU_v4.0.ino:107
    last100ms = currentMillis;
    156c:	c0 92 b8 01 	sts	0x01B8, r12	; 0x8001b8 <last100ms>
    1570:	d0 92 b9 01 	sts	0x01B9, r13	; 0x8001b9 <last100ms+0x1>
    1574:	e0 92 ba 01 	sts	0x01BA, r14	; 0x8001ba <last100ms+0x2>
    1578:	f0 92 bb 01 	sts	0x01BB, r15	; 0x8001bb <last100ms+0x3>
readPot():
C:\Users\jasmine\Documents\GitHub\GEN6_ELEC\SSRU_v4.0\SSRU_v4.0/Pot.h:14
    uint16_t offset;
  public:
    Pot(uint8_t pin, uint8_t num, uint8_t den, uint16_t offset):
      pin(pin), num(num), den(den), offset(offset){}
    uint16_t readPot(){
      uint16_t rawPot = analogRead(pin);
    157c:	80 91 47 02 	lds	r24, 0x0247	; 0x800247 <FLpot>
    1580:	0e 94 ba 03 	call	0x774	; 0x774 <analogRead>
C:\Users\jasmine\Documents\GitHub\GEN6_ELEC\SSRU_v4.0\SSRU_v4.0/Pot.h:15
      return ((uint32_t)rawPot * num) / den + offset;
    1584:	20 91 48 02 	lds	r18, 0x0248	; 0x800248 <FLpot+0x1>
    1588:	30 e0       	ldi	r19, 0x00	; 0
    158a:	dc 01       	movw	r26, r24
    158c:	0e 94 fa 0b 	call	0x17f4	; 0x17f4 <__umulhisi3>
    1590:	20 91 49 02 	lds	r18, 0x0249	; 0x800249 <FLpot+0x2>
    1594:	30 e0       	ldi	r19, 0x00	; 0
    1596:	50 e0       	ldi	r21, 0x00	; 0
    1598:	40 e0       	ldi	r20, 0x00	; 0
    159a:	0e 94 d8 0b 	call	0x17b0	; 0x17b0 <__udivmodsi4>
    159e:	00 91 4a 02 	lds	r16, 0x024A	; 0x80024a <FLpot+0x3>
    15a2:	10 91 4b 02 	lds	r17, 0x024B	; 0x80024b <FLpot+0x4>
    15a6:	02 0f       	add	r16, r18
    15a8:	13 1f       	adc	r17, r19
loop():
C:\Users\jasmine\Documents\GitHub\GEN6_ELEC\SSRU_v4.0\SSRU_v4.0/SSRU_v4.0.ino:112

    #ifdef FRONT
    // --- ID 0x700 ---
    uint16_t potL = FLpot.readPot();
    MPUreadings mpu1A = mpu1.readAccel();
    15aa:	85 e3       	ldi	r24, 0x35	; 53
    15ac:	92 e0       	ldi	r25, 0x02	; 2
    15ae:	0e 94 19 07 	call	0xe32	; 0xe32 <MPU6050::readAccel()>
    15b2:	76 2e       	mov	r7, r22
    15b4:	87 2e       	mov	r8, r23
    15b6:	98 2e       	mov	r9, r24
C:\Users\jasmine\Documents\GitHub\GEN6_ELEC\SSRU_v4.0\SSRU_v4.0/SSRU_v4.0.ino:113
    MPUreadings mpu1G = mpu1.readGyro();
    15b8:	85 e3       	ldi	r24, 0x35	; 53
    15ba:	92 e0       	ldi	r25, 0x02	; 2
    15bc:	0e 94 b4 06 	call	0xd68	; 0xd68 <MPU6050::readGyro()>
C:\Users\jasmine\Documents\GitHub\GEN6_ELEC\SSRU_v4.0\SSRU_v4.0/SSRU_v4.0.ino:115
    
    can700.data[0] = potL >> 8;
    15c0:	10 93 b0 01 	sts	0x01B0, r17	; 0x8001b0 <can700+0x8>
C:\Users\jasmine\Documents\GitHub\GEN6_ELEC\SSRU_v4.0\SSRU_v4.0/SSRU_v4.0.ino:116
    can700.data[1] = potL & 0xFF;
    15c4:	00 93 b1 01 	sts	0x01B1, r16	; 0x8001b1 <can700+0x9>
C:\Users\jasmine\Documents\GitHub\GEN6_ELEC\SSRU_v4.0\SSRU_v4.0/SSRU_v4.0.ino:117
    can700.data[2] = mpu1A.x;
    15c8:	70 92 b2 01 	sts	0x01B2, r7	; 0x8001b2 <can700+0xa>
C:\Users\jasmine\Documents\GitHub\GEN6_ELEC\SSRU_v4.0\SSRU_v4.0/SSRU_v4.0.ino:118
    can700.data[3] = mpu1A.y;
    15cc:	80 92 b3 01 	sts	0x01B3, r8	; 0x8001b3 <can700+0xb>
C:\Users\jasmine\Documents\GitHub\GEN6_ELEC\SSRU_v4.0\SSRU_v4.0/SSRU_v4.0.ino:119
    can700.data[4] = mpu1A.z;
    15d0:	90 92 b4 01 	sts	0x01B4, r9	; 0x8001b4 <can700+0xc>
C:\Users\jasmine\Documents\GitHub\GEN6_ELEC\SSRU_v4.0\SSRU_v4.0/SSRU_v4.0.ino:120
    can700.data[5] = mpu1G.x;
    15d4:	60 93 b5 01 	sts	0x01B5, r22	; 0x8001b5 <can700+0xd>
C:\Users\jasmine\Documents\GitHub\GEN6_ELEC\SSRU_v4.0\SSRU_v4.0/SSRU_v4.0.ino:121
    can700.data[6] = mpu1G.y;
    15d8:	70 93 b6 01 	sts	0x01B6, r23	; 0x8001b6 <can700+0xe>
C:\Users\jasmine\Documents\GitHub\GEN6_ELEC\SSRU_v4.0\SSRU_v4.0/SSRU_v4.0.ino:122
    can700.data[7] = mpu1G.z;
    15dc:	80 93 b7 01 	sts	0x01B7, r24	; 0x8001b7 <can700+0xf>
C:\Users\jasmine\Documents\GitHub\GEN6_ELEC\SSRU_v4.0\SSRU_v4.0/SSRU_v4.0.ino:123
    mcp2515.sendMessage(&can700);
    15e0:	88 ea       	ldi	r24, 0xA8	; 168
    15e2:	91 e0       	ldi	r25, 0x01	; 1
    15e4:	0e 94 d7 05 	call	0xbae	; 0xbae <MCP2515::sendMessage(can_frame const*) [clone .constprop.7]>
readPot():
C:\Users\jasmine\Documents\GitHub\GEN6_ELEC\SSRU_v4.0\SSRU_v4.0/Pot.h:14
    uint16_t offset;
  public:
    Pot(uint8_t pin, uint8_t num, uint8_t den, uint16_t offset):
      pin(pin), num(num), den(den), offset(offset){}
    uint16_t readPot(){
      uint16_t rawPot = analogRead(pin);
    15e8:	80 91 42 02 	lds	r24, 0x0242	; 0x800242 <FRpot>
    15ec:	0e 94 ba 03 	call	0x774	; 0x774 <analogRead>
C:\Users\jasmine\Documents\GitHub\GEN6_ELEC\SSRU_v4.0\SSRU_v4.0/Pot.h:15
      return ((uint32_t)rawPot * num) / den + offset;
    15f0:	20 91 43 02 	lds	r18, 0x0243	; 0x800243 <FRpot+0x1>
    15f4:	30 e0       	ldi	r19, 0x00	; 0
    15f6:	dc 01       	movw	r26, r24
    15f8:	0e 94 fa 0b 	call	0x17f4	; 0x17f4 <__umulhisi3>
    15fc:	20 91 44 02 	lds	r18, 0x0244	; 0x800244 <FRpot+0x2>
    1600:	30 e0       	ldi	r19, 0x00	; 0
    1602:	50 e0       	ldi	r21, 0x00	; 0
    1604:	40 e0       	ldi	r20, 0x00	; 0
    1606:	0e 94 d8 0b 	call	0x17b0	; 0x17b0 <__udivmodsi4>
    160a:	00 91 45 02 	lds	r16, 0x0245	; 0x800245 <FRpot+0x3>
    160e:	10 91 46 02 	lds	r17, 0x0246	; 0x800246 <FRpot+0x4>
    1612:	02 0f       	add	r16, r18
    1614:	13 1f       	adc	r17, r19
loop():
C:\Users\jasmine\Documents\GitHub\GEN6_ELEC\SSRU_v4.0\SSRU_v4.0/SSRU_v4.0.ino:127

    // --- ID 0x701 ---
    uint16_t potR = FRpot.readPot();
    MPUreadings mpu4A = mpu4.readAccel();
    1616:	88 e2       	ldi	r24, 0x28	; 40
    1618:	92 e0       	ldi	r25, 0x02	; 2
    161a:	0e 94 19 07 	call	0xe32	; 0xe32 <MPU6050::readAccel()>
    161e:	76 2e       	mov	r7, r22
    1620:	87 2e       	mov	r8, r23
    1622:	98 2e       	mov	r9, r24
C:\Users\jasmine\Documents\GitHub\GEN6_ELEC\SSRU_v4.0\SSRU_v4.0/SSRU_v4.0.ino:128
    MPUreadings mpu4G = mpu4.readGyro();
    1624:	88 e2       	ldi	r24, 0x28	; 40
    1626:	92 e0       	ldi	r25, 0x02	; 2
    1628:	0e 94 b4 06 	call	0xd68	; 0xd68 <MPU6050::readGyro()>
C:\Users\jasmine\Documents\GitHub\GEN6_ELEC\SSRU_v4.0\SSRU_v4.0/SSRU_v4.0.ino:130
    
    can701.data[0] = potR >> 8;
    162c:	10 93 a0 01 	sts	0x01A0, r17	; 0x8001a0 <can701+0x8>
C:\Users\jasmine\Documents\GitHub\GEN6_ELEC\SSRU_v4.0\SSRU_v4.0/SSRU_v4.0.ino:131
    can701.data[1] = potR & 0xFF;
    1630:	00 93 a1 01 	sts	0x01A1, r16	; 0x8001a1 <can701+0x9>
C:\Users\jasmine\Documents\GitHub\GEN6_ELEC\SSRU_v4.0\SSRU_v4.0/SSRU_v4.0.ino:132
    can701.data[2] = mpu4A.x;
    1634:	70 92 a2 01 	sts	0x01A2, r7	; 0x8001a2 <can701+0xa>
C:\Users\jasmine\Documents\GitHub\GEN6_ELEC\SSRU_v4.0\SSRU_v4.0/SSRU_v4.0.ino:133
    can701.data[3] = mpu4A.y;
    1638:	80 92 a3 01 	sts	0x01A3, r8	; 0x8001a3 <can701+0xb>
C:\Users\jasmine\Documents\GitHub\GEN6_ELEC\SSRU_v4.0\SSRU_v4.0/SSRU_v4.0.ino:134
    can701.data[4] = mpu4A.z;
    163c:	90 92 a4 01 	sts	0x01A4, r9	; 0x8001a4 <can701+0xc>
C:\Users\jasmine\Documents\GitHub\GEN6_ELEC\SSRU_v4.0\SSRU_v4.0/SSRU_v4.0.ino:135
    can701.data[5] = mpu4G.x;
    1640:	60 93 a5 01 	sts	0x01A5, r22	; 0x8001a5 <can701+0xd>
C:\Users\jasmine\Documents\GitHub\GEN6_ELEC\SSRU_v4.0\SSRU_v4.0/SSRU_v4.0.ino:136
    can701.data[6] = mpu4G.y;
    1644:	70 93 a6 01 	sts	0x01A6, r23	; 0x8001a6 <can701+0xe>
C:\Users\jasmine\Documents\GitHub\GEN6_ELEC\SSRU_v4.0\SSRU_v4.0/SSRU_v4.0.ino:137
    can701.data[7] = mpu4G.z;
    1648:	80 93 a7 01 	sts	0x01A7, r24	; 0x8001a7 <can701+0xf>
C:\Users\jasmine\Documents\GitHub\GEN6_ELEC\SSRU_v4.0\SSRU_v4.0/SSRU_v4.0.ino:138
    mcp2515.sendMessage(&can701);
    164c:	88 e9       	ldi	r24, 0x98	; 152
    164e:	91 e0       	ldi	r25, 0x01	; 1
    1650:	0e 94 d7 05 	call	0xbae	; 0xbae <MCP2515::sendMessage(can_frame const*) [clone .constprop.7]>
C:\Users\jasmine\Documents\GitHub\GEN6_ELEC\SSRU_v4.0\SSRU_v4.0/SSRU_v4.0.ino:141

    // --- ID 0x702 ---
    uint16_t steer = analogRead(STEER);
    1654:	80 e1       	ldi	r24, 0x10	; 16
    1656:	0e 94 ba 03 	call	0x774	; 0x774 <analogRead>
C:\Users\jasmine\Documents\GitHub\GEN6_ELEC\SSRU_v4.0\SSRU_v4.0/SSRU_v4.0.ino:142
    can702.data[0] = steer >> 8;
    165a:	90 93 90 01 	sts	0x0190, r25	; 0x800190 <can702+0x8>
C:\Users\jasmine\Documents\GitHub\GEN6_ELEC\SSRU_v4.0\SSRU_v4.0/SSRU_v4.0.ino:143
    can702.data[1] = steer & 0xFF;
    165e:	80 93 91 01 	sts	0x0191, r24	; 0x800191 <can702+0x9>
C:\Users\jasmine\Documents\GitHub\GEN6_ELEC\SSRU_v4.0\SSRU_v4.0/SSRU_v4.0.ino:144
    mcp2515.sendMessage(&can702);
    1662:	88 e8       	ldi	r24, 0x88	; 136
    1664:	91 e0       	ldi	r25, 0x01	; 1
    1666:	0e 94 d7 05 	call	0xbae	; 0xbae <MCP2515::sendMessage(can_frame const*) [clone .constprop.7]>
C:\Users\jasmine\Documents\GitHub\GEN6_ELEC\SSRU_v4.0\SSRU_v4.0/SSRU_v4.0.ino:175
  }

  // ============
  // 1000ms LOOP
  // ============
  if (currentMillis - last1000ms >= 1000) {
    166a:	80 91 7e 01 	lds	r24, 0x017E	; 0x80017e <last1000ms>
    166e:	90 91 7f 01 	lds	r25, 0x017F	; 0x80017f <last1000ms+0x1>
    1672:	a0 91 80 01 	lds	r26, 0x0180	; 0x800180 <last1000ms+0x2>
    1676:	b0 91 81 01 	lds	r27, 0x0181	; 0x800181 <last1000ms+0x3>
    167a:	a7 01       	movw	r20, r14
    167c:	96 01       	movw	r18, r12
    167e:	28 1b       	sub	r18, r24
    1680:	39 0b       	sbc	r19, r25
    1682:	4a 0b       	sbc	r20, r26
    1684:	5b 0b       	sbc	r21, r27
    1686:	da 01       	movw	r26, r20
    1688:	c9 01       	movw	r24, r18
    168a:	88 3e       	cpi	r24, 0xE8	; 232
    168c:	93 40       	sbci	r25, 0x03	; 3
    168e:	a1 05       	cpc	r26, r1
    1690:	b1 05       	cpc	r27, r1
    1692:	88 f0       	brcs	.+34     	; 0x16b6 <main+0x3f2>
C:\Users\jasmine\Documents\GitHub\GEN6_ELEC\SSRU_v4.0\SSRU_v4.0/SSRU_v4.0.ino:176
    last1000ms = currentMillis;
    1694:	c0 92 7e 01 	sts	0x017E, r12	; 0x80017e <last1000ms>
    1698:	d0 92 7f 01 	sts	0x017F, r13	; 0x80017f <last1000ms+0x1>
    169c:	e0 92 80 01 	sts	0x0180, r14	; 0x800180 <last1000ms+0x2>
    16a0:	f0 92 81 01 	sts	0x0181, r15	; 0x800181 <last1000ms+0x3>
C:\Users\jasmine\Documents\GitHub\GEN6_ELEC\SSRU_v4.0\SSRU_v4.0/SSRU_v4.0.ino:179

    #ifdef FRONT
    uint16_t ambRaw = analogRead(AMBIENT_NTC);
    16a4:	81 e1       	ldi	r24, 0x11	; 17
    16a6:	0e 94 ba 03 	call	0x774	; 0x774 <analogRead>
C:\Users\jasmine\Documents\GitHub\GEN6_ELEC\SSRU_v4.0\SSRU_v4.0/SSRU_v4.0.ino:180
    can702.data[2] = (int8_t)pgm_read_byte(&adc_to_temp[ambRaw]);
    16aa:	88 59       	subi	r24, 0x98	; 152
    16ac:	9f 4f       	sbci	r25, 0xFF	; 255
    16ae:	fc 01       	movw	r30, r24
    16b0:	84 91       	lpm	r24, Z
    16b2:	80 93 92 01 	sts	0x0192, r24	; 0x800192 <can702+0xa>
main():
C:\Users\jasmine\AppData\Local\Arduino15\packages\MiniCore\hardware\avr\3.1.2\cores\MCUdude_corefiles/main.cpp:47
    16b6:	a1 14       	cp	r10, r1
    16b8:	b1 04       	cpc	r11, r1
    16ba:	09 f4       	brne	.+2      	; 0x16be <main+0x3fa>
    16bc:	36 cf       	rjmp	.-404    	; 0x152a <main+0x266>
    16be:	0e 94 00 00 	call	0	; 0x0 <__vectors>
    16c2:	33 cf       	rjmp	.-410    	; 0x152a <main+0x266>
setFilter():
c:\Users\jasmine\Documents\Arduino\libraries\autowp-mcp2515/mcp2515.cpp:579
        return res;
    }

    REGISTER reg;

    switch (num) {
    16c4:	04 30       	cpi	r16, 0x04	; 4
    16c6:	11 05       	cpc	r17, r1
    16c8:	09 f4       	brne	.+2      	; 0x16cc <main+0x408>
    16ca:	53 c0       	rjmp	.+166    	; 0x1772 <main+0x4ae>
    16cc:	08 f4       	brcc	.+2      	; 0x16d0 <main+0x40c>
    16ce:	4f c0       	rjmp	.+158    	; 0x176e <main+0x4aa>
    16d0:	05 30       	cpi	r16, 0x05	; 5
    16d2:	11 05       	cpc	r17, r1
    16d4:	09 f0       	breq	.+2      	; 0x16d8 <main+0x414>
    16d6:	aa ce       	rjmp	.-684    	; 0x142c <main+0x168>
main():
c:\Users\jasmine\Documents\Arduino\libraries\autowp-mcp2515/mcp2515.cpp:585
        case RXF0: reg = MCP_RXF0SIDH; break;
        case RXF1: reg = MCP_RXF1SIDH; break;
        case RXF2: reg = MCP_RXF2SIDH; break;
        case RXF3: reg = MCP_RXF3SIDH; break;
        case RXF4: reg = MCP_RXF4SIDH; break;
        case RXF5: reg = MCP_RXF5SIDH; break;
    16d8:	88 e1       	ldi	r24, 0x18	; 24
    16da:	01 c0       	rjmp	.+2      	; 0x16de <main+0x41a>
c:\Users\jasmine\Documents\Arduino\libraries\autowp-mcp2515/mcp2515.cpp:581

    REGISTER reg;

    switch (num) {
        case RXF0: reg = MCP_RXF0SIDH; break;
        case RXF1: reg = MCP_RXF1SIDH; break;
    16dc:	84 e0       	ldi	r24, 0x04	; 4
prepareId():
c:\Users\jasmine\Documents\Arduino\libraries\autowp-mcp2515/mcp2515.cpp:531

void MCP2515::prepareId(uint8_t *buffer, const bool ext, const uint32_t id)
{
    uint16_t canid = (uint16_t)(id & 0x0FFFF);

    if (ext) {
    16de:	f1 e0       	ldi	r31, 0x01	; 1
    16e0:	ef 16       	cp	r14, r31
    16e2:	f1 04       	cpc	r15, r1
    16e4:	09 f0       	breq	.+2      	; 0x16e8 <main+0x424>
    16e6:	49 c0       	rjmp	.+146    	; 0x177a <main+0x4b6>
c:\Users\jasmine\Documents\Arduino\libraries\autowp-mcp2515/mcp2515.cpp:532
        buffer[MCP_EID0] = (uint8_t) (canid & 0xFF);
    16e8:	1e 8e       	std	Y+30, r1	; 0x1e
c:\Users\jasmine\Documents\Arduino\libraries\autowp-mcp2515/mcp2515.cpp:533
        buffer[MCP_EID8] = (uint8_t) (canid >> 8);
    16ea:	1d 8e       	std	Y+29, r1	; 0x1d
c:\Users\jasmine\Documents\Arduino\libraries\autowp-mcp2515/mcp2515.cpp:537
        canid = (uint16_t)(id >> 16);
        buffer[MCP_SIDL] = (uint8_t) (canid & 0x03);
        buffer[MCP_SIDL] += (uint8_t) ((canid & 0x1C) << 3);
        buffer[MCP_SIDL] |= TXB_EXIDE_MASK;
    16ec:	bc 8e       	std	Y+28, r11	; 0x1c
c:\Users\jasmine\Documents\Arduino\libraries\autowp-mcp2515/mcp2515.cpp:538
        buffer[MCP_SIDH] = (uint8_t) (canid >> 5);
    16ee:	1b 8e       	std	Y+27, r1	; 0x1b
setFilter():
c:\Users\jasmine\Documents\Arduino\libraries\autowp-mcp2515/mcp2515.cpp:592
            return ERROR_FAIL;
    }

    uint8_t tbufdata[4];
    prepareId(tbufdata, ext, ulData);
    setRegisters(reg, tbufdata, 4);
    16f0:	44 e0       	ldi	r20, 0x04	; 4
    16f2:	be 01       	movw	r22, r28
    16f4:	65 5e       	subi	r22, 0xE5	; 229
    16f6:	7f 4f       	sbci	r23, 0xFF	; 255
    16f8:	0e 94 b3 05 	call	0xb66	; 0xb66 <MCP2515::setRegisters(MCP2515::REGISTER, unsigned char const*, unsigned char) [clone .constprop.17]>
reset():
c:\Users\jasmine\Documents\Arduino\libraries\autowp-mcp2515/mcp2515.cpp:73

    // clear filters and masks
    // do not filter any standard frames for RXF0 used by RXB0
    // do not filter any extended frames for RXF1 used by RXB1
    RXF filters[] = {RXF0, RXF1, RXF2, RXF3, RXF4, RXF5};
    for (int i=0; i<6; i++) {
    16fc:	2f ef       	ldi	r18, 0xFF	; 255
    16fe:	e2 1a       	sub	r14, r18
    1700:	f2 0a       	sbc	r15, r18
    1702:	36 e0       	ldi	r19, 0x06	; 6
    1704:	e3 16       	cp	r14, r19
    1706:	f1 04       	cpc	r15, r1
    1708:	09 f0       	breq	.+2      	; 0x170c <main+0x448>
    170a:	79 ce       	rjmp	.-782    	; 0x13fe <main+0x13a>
c:\Users\jasmine\Documents\Arduino\libraries\autowp-mcp2515/mcp2515.cpp:81
        if (result != ERROR_OK) {
            return result;
        }
    }

    MASK masks[] = {MASK0, MASK1};
    170c:	18 a2       	std	Y+32, r1	; 0x20
    170e:	1f 8e       	std	Y+31, r1	; 0x1f
    1710:	81 e0       	ldi	r24, 0x01	; 1
    1712:	90 e0       	ldi	r25, 0x00	; 0
    1714:	9a a3       	std	Y+34, r25	; 0x22
    1716:	89 a3       	std	Y+33, r24	; 0x21
    1718:	8e 01       	movw	r16, r28
    171a:	01 5e       	subi	r16, 0xE1	; 225
    171c:	1f 4f       	sbci	r17, 0xFF	; 255
    171e:	6e 01       	movw	r12, r28
    1720:	43 e2       	ldi	r20, 0x23	; 35
    1722:	c4 0e       	add	r12, r20
    1724:	d1 1c       	adc	r13, r1
prepareId():
c:\Users\jasmine\Documents\Arduino\libraries\autowp-mcp2515/mcp2515.cpp:537
        buffer[MCP_EID0] = (uint8_t) (canid & 0xFF);
        buffer[MCP_EID8] = (uint8_t) (canid >> 8);
        canid = (uint16_t)(id >> 16);
        buffer[MCP_SIDL] = (uint8_t) (canid & 0x03);
        buffer[MCP_SIDL] += (uint8_t) ((canid & 0x1C) << 3);
        buffer[MCP_SIDL] |= TXB_EXIDE_MASK;
    1726:	98 e0       	ldi	r25, 0x08	; 8
    1728:	b9 2e       	mov	r11, r25
reset():
c:\Users\jasmine\Documents\Arduino\libraries\autowp-mcp2515/mcp2515.cpp:83
        }
    }

    MASK masks[] = {MASK0, MASK1};
    for (int i=0; i<2; i++) {
        ERROR result = setFilterMask(masks[i], true, 0);
    172a:	f8 01       	movw	r30, r16
    172c:	e1 90       	ld	r14, Z+
    172e:	f1 90       	ld	r15, Z+
    1730:	8f 01       	movw	r16, r30
setConfigMode():
c:\Users\jasmine\Documents\Arduino\libraries\autowp-mcp2515/mcp2515.cpp:157
    return i;
}

MCP2515::ERROR MCP2515::setConfigMode()
{
    return setMode(CANCTRL_REQOP_CONFIG);
    1732:	80 e8       	ldi	r24, 0x80	; 128
    1734:	0e 94 63 05 	call	0xac6	; 0xac6 <MCP2515::setMode(MCP2515::CANCTRL_REQOP_MODE) [clone .constprop.23]>
setFilterMask():
c:\Users\jasmine\Documents\Arduino\libraries\autowp-mcp2515/mcp2515.cpp:550
}

MCP2515::ERROR MCP2515::setFilterMask(const MASK mask, const bool ext, const uint32_t ulData)
{
    ERROR res = setConfigMode();
    if (res != ERROR_OK) {
    1738:	89 2b       	or	r24, r25
    173a:	09 f0       	breq	.+2      	; 0x173e <main+0x47a>
    173c:	77 ce       	rjmp	.-786    	; 0x142c <main+0x168>
prepareId():
c:\Users\jasmine\Documents\Arduino\libraries\autowp-mcp2515/mcp2515.cpp:532
void MCP2515::prepareId(uint8_t *buffer, const bool ext, const uint32_t id)
{
    uint16_t canid = (uint16_t)(id & 0x0FFFF);

    if (ext) {
        buffer[MCP_EID0] = (uint8_t) (canid & 0xFF);
    173e:	1e 8e       	std	Y+30, r1	; 0x1e
c:\Users\jasmine\Documents\Arduino\libraries\autowp-mcp2515/mcp2515.cpp:533
        buffer[MCP_EID8] = (uint8_t) (canid >> 8);
    1740:	1d 8e       	std	Y+29, r1	; 0x1d
c:\Users\jasmine\Documents\Arduino\libraries\autowp-mcp2515/mcp2515.cpp:537
        canid = (uint16_t)(id >> 16);
        buffer[MCP_SIDL] = (uint8_t) (canid & 0x03);
        buffer[MCP_SIDL] += (uint8_t) ((canid & 0x1C) << 3);
        buffer[MCP_SIDL] |= TXB_EXIDE_MASK;
    1742:	bc 8e       	std	Y+28, r11	; 0x1c
c:\Users\jasmine\Documents\Arduino\libraries\autowp-mcp2515/mcp2515.cpp:538
        buffer[MCP_SIDH] = (uint8_t) (canid >> 5);
    1744:	1b 8e       	std	Y+27, r1	; 0x1b
setFilterMask():
c:\Users\jasmine\Documents\Arduino\libraries\autowp-mcp2515/mcp2515.cpp:558
    
    uint8_t tbufdata[4];
    prepareId(tbufdata, ext, ulData);

    REGISTER reg;
    switch (mask) {
    1746:	e1 14       	cp	r14, r1
    1748:	f1 04       	cpc	r15, r1
    174a:	e1 f0       	breq	.+56     	; 0x1784 <main+0x4c0>
    174c:	ea 94       	dec	r14
    174e:	ef 28       	or	r14, r15
    1750:	09 f0       	breq	.+2      	; 0x1754 <main+0x490>
    1752:	6c ce       	rjmp	.-808    	; 0x142c <main+0x168>
main():
c:\Users\jasmine\Documents\Arduino\libraries\autowp-mcp2515/mcp2515.cpp:560
        case MASK0: reg = MCP_RXM0SIDH; break;
        case MASK1: reg = MCP_RXM1SIDH; break;
    1754:	84 e2       	ldi	r24, 0x24	; 36
setFilterMask():
c:\Users\jasmine\Documents\Arduino\libraries\autowp-mcp2515/mcp2515.cpp:565
        default:
            return ERROR_FAIL;
    }

    setRegisters(reg, tbufdata, 4);
    1756:	44 e0       	ldi	r20, 0x04	; 4
    1758:	be 01       	movw	r22, r28
    175a:	65 5e       	subi	r22, 0xE5	; 229
    175c:	7f 4f       	sbci	r23, 0xFF	; 255
    175e:	0e 94 b3 05 	call	0xb66	; 0xb66 <MCP2515::setRegisters(MCP2515::REGISTER, unsigned char const*, unsigned char) [clone .constprop.17]>
reset():
c:\Users\jasmine\Documents\Arduino\libraries\autowp-mcp2515/mcp2515.cpp:82
            return result;
        }
    }

    MASK masks[] = {MASK0, MASK1};
    for (int i=0; i<2; i++) {
    1762:	0c 15       	cp	r16, r12
    1764:	1d 05       	cpc	r17, r13
    1766:	09 f7       	brne	.-62     	; 0x172a <main+0x466>
    1768:	61 ce       	rjmp	.-830    	; 0x142c <main+0x168>
main():
c:\Users\jasmine\Documents\Arduino\libraries\autowp-mcp2515/mcp2515.cpp:582
    REGISTER reg;

    switch (num) {
        case RXF0: reg = MCP_RXF0SIDH; break;
        case RXF1: reg = MCP_RXF1SIDH; break;
        case RXF2: reg = MCP_RXF2SIDH; break;
    176a:	88 e0       	ldi	r24, 0x08	; 8
    176c:	b8 cf       	rjmp	.-144    	; 0x16de <main+0x41a>
c:\Users\jasmine\Documents\Arduino\libraries\autowp-mcp2515/mcp2515.cpp:583
        case RXF3: reg = MCP_RXF3SIDH; break;
    176e:	80 e1       	ldi	r24, 0x10	; 16
    1770:	b6 cf       	rjmp	.-148    	; 0x16de <main+0x41a>
c:\Users\jasmine\Documents\Arduino\libraries\autowp-mcp2515/mcp2515.cpp:584
        case RXF4: reg = MCP_RXF4SIDH; break;
    1772:	84 e1       	ldi	r24, 0x14	; 20
    1774:	b4 cf       	rjmp	.-152    	; 0x16de <main+0x41a>
c:\Users\jasmine\Documents\Arduino\libraries\autowp-mcp2515/mcp2515.cpp:580
    }

    REGISTER reg;

    switch (num) {
        case RXF0: reg = MCP_RXF0SIDH; break;
    1776:	80 e0       	ldi	r24, 0x00	; 0
    1778:	b2 cf       	rjmp	.-156    	; 0x16de <main+0x41a>
prepareId():
c:\Users\jasmine\Documents\Arduino\libraries\autowp-mcp2515/mcp2515.cpp:540
        buffer[MCP_SIDL] = (uint8_t) (canid & 0x03);
        buffer[MCP_SIDL] += (uint8_t) ((canid & 0x1C) << 3);
        buffer[MCP_SIDL] |= TXB_EXIDE_MASK;
        buffer[MCP_SIDH] = (uint8_t) (canid >> 5);
    } else {
        buffer[MCP_SIDH] = (uint8_t) (canid >> 3);
    177a:	1b 8e       	std	Y+27, r1	; 0x1b
c:\Users\jasmine\Documents\Arduino\libraries\autowp-mcp2515/mcp2515.cpp:541
        buffer[MCP_SIDL] = (uint8_t) ((canid & 0x07 ) << 5);
    177c:	1c 8e       	std	Y+28, r1	; 0x1c
c:\Users\jasmine\Documents\Arduino\libraries\autowp-mcp2515/mcp2515.cpp:542
        buffer[MCP_EID0] = 0;
    177e:	1e 8e       	std	Y+30, r1	; 0x1e
c:\Users\jasmine\Documents\Arduino\libraries\autowp-mcp2515/mcp2515.cpp:543
        buffer[MCP_EID8] = 0;
    1780:	1d 8e       	std	Y+29, r1	; 0x1d
    1782:	b6 cf       	rjmp	.-148    	; 0x16f0 <main+0x42c>
main():
c:\Users\jasmine\Documents\Arduino\libraries\autowp-mcp2515/mcp2515.cpp:559
    uint8_t tbufdata[4];
    prepareId(tbufdata, ext, ulData);

    REGISTER reg;
    switch (mask) {
        case MASK0: reg = MCP_RXM0SIDH; break;
    1784:	80 e2       	ldi	r24, 0x20	; 32
    1786:	e7 cf       	rjmp	.-50     	; 0x1756 <main+0x492>

00001788 <__udivmodhi4>:
__udivmodhi4():
/home/jenkins-mingw32/workspace/avr-gcc-staging/label/Ubuntu14.04x64-mingw32/gcc-build/avr/avr5/libgcc/../../../../gcc/libgcc/config/avr/lib1funcs.S:1408
    1788:	aa 1b       	sub	r26, r26
/home/jenkins-mingw32/workspace/avr-gcc-staging/label/Ubuntu14.04x64-mingw32/gcc-build/avr/avr5/libgcc/../../../../gcc/libgcc/config/avr/lib1funcs.S:1409
    178a:	bb 1b       	sub	r27, r27
/home/jenkins-mingw32/workspace/avr-gcc-staging/label/Ubuntu14.04x64-mingw32/gcc-build/avr/avr5/libgcc/../../../../gcc/libgcc/config/avr/lib1funcs.S:1410
    178c:	51 e1       	ldi	r21, 0x11	; 17
/home/jenkins-mingw32/workspace/avr-gcc-staging/label/Ubuntu14.04x64-mingw32/gcc-build/avr/avr5/libgcc/../../../../gcc/libgcc/config/avr/lib1funcs.S:1411
    178e:	07 c0       	rjmp	.+14     	; 0x179e <__udivmodhi4_ep>

00001790 <__udivmodhi4_loop>:
/home/jenkins-mingw32/workspace/avr-gcc-staging/label/Ubuntu14.04x64-mingw32/gcc-build/avr/avr5/libgcc/../../../../gcc/libgcc/config/avr/lib1funcs.S:1413
    1790:	aa 1f       	adc	r26, r26
/home/jenkins-mingw32/workspace/avr-gcc-staging/label/Ubuntu14.04x64-mingw32/gcc-build/avr/avr5/libgcc/../../../../gcc/libgcc/config/avr/lib1funcs.S:1414
    1792:	bb 1f       	adc	r27, r27
/home/jenkins-mingw32/workspace/avr-gcc-staging/label/Ubuntu14.04x64-mingw32/gcc-build/avr/avr5/libgcc/../../../../gcc/libgcc/config/avr/lib1funcs.S:1415
    1794:	a6 17       	cp	r26, r22
/home/jenkins-mingw32/workspace/avr-gcc-staging/label/Ubuntu14.04x64-mingw32/gcc-build/avr/avr5/libgcc/../../../../gcc/libgcc/config/avr/lib1funcs.S:1416
    1796:	b7 07       	cpc	r27, r23
/home/jenkins-mingw32/workspace/avr-gcc-staging/label/Ubuntu14.04x64-mingw32/gcc-build/avr/avr5/libgcc/../../../../gcc/libgcc/config/avr/lib1funcs.S:1417
    1798:	10 f0       	brcs	.+4      	; 0x179e <__udivmodhi4_ep>
/home/jenkins-mingw32/workspace/avr-gcc-staging/label/Ubuntu14.04x64-mingw32/gcc-build/avr/avr5/libgcc/../../../../gcc/libgcc/config/avr/lib1funcs.S:1418
    179a:	a6 1b       	sub	r26, r22
/home/jenkins-mingw32/workspace/avr-gcc-staging/label/Ubuntu14.04x64-mingw32/gcc-build/avr/avr5/libgcc/../../../../gcc/libgcc/config/avr/lib1funcs.S:1419
    179c:	b7 0b       	sbc	r27, r23

0000179e <__udivmodhi4_ep>:
/home/jenkins-mingw32/workspace/avr-gcc-staging/label/Ubuntu14.04x64-mingw32/gcc-build/avr/avr5/libgcc/../../../../gcc/libgcc/config/avr/lib1funcs.S:1421
    179e:	88 1f       	adc	r24, r24
/home/jenkins-mingw32/workspace/avr-gcc-staging/label/Ubuntu14.04x64-mingw32/gcc-build/avr/avr5/libgcc/../../../../gcc/libgcc/config/avr/lib1funcs.S:1422
    17a0:	99 1f       	adc	r25, r25
/home/jenkins-mingw32/workspace/avr-gcc-staging/label/Ubuntu14.04x64-mingw32/gcc-build/avr/avr5/libgcc/../../../../gcc/libgcc/config/avr/lib1funcs.S:1423
    17a2:	5a 95       	dec	r21
/home/jenkins-mingw32/workspace/avr-gcc-staging/label/Ubuntu14.04x64-mingw32/gcc-build/avr/avr5/libgcc/../../../../gcc/libgcc/config/avr/lib1funcs.S:1424
    17a4:	a9 f7       	brne	.-22     	; 0x1790 <__udivmodhi4_loop>
/home/jenkins-mingw32/workspace/avr-gcc-staging/label/Ubuntu14.04x64-mingw32/gcc-build/avr/avr5/libgcc/../../../../gcc/libgcc/config/avr/lib1funcs.S:1425
    17a6:	80 95       	com	r24
/home/jenkins-mingw32/workspace/avr-gcc-staging/label/Ubuntu14.04x64-mingw32/gcc-build/avr/avr5/libgcc/../../../../gcc/libgcc/config/avr/lib1funcs.S:1426
    17a8:	90 95       	com	r25
/home/jenkins-mingw32/workspace/avr-gcc-staging/label/Ubuntu14.04x64-mingw32/gcc-build/avr/avr5/libgcc/../../../../gcc/libgcc/config/avr/lib1funcs.S:1428
    17aa:	bc 01       	movw	r22, r24
/home/jenkins-mingw32/workspace/avr-gcc-staging/label/Ubuntu14.04x64-mingw32/gcc-build/avr/avr5/libgcc/../../../../gcc/libgcc/config/avr/lib1funcs.S:1430
    17ac:	cd 01       	movw	r24, r26
/home/jenkins-mingw32/workspace/avr-gcc-staging/label/Ubuntu14.04x64-mingw32/gcc-build/avr/avr5/libgcc/../../../../gcc/libgcc/config/avr/lib1funcs.S:1432
    17ae:	08 95       	ret

000017b0 <__udivmodsi4>:
__udivmodsi4():
/home/jenkins-mingw32/workspace/avr-gcc-staging/label/Ubuntu14.04x64-mingw32/gcc-build/avr/avr5/libgcc/../../../../gcc/libgcc/config/avr/lib1funcs.S:1638
    17b0:	a1 e2       	ldi	r26, 0x21	; 33
/home/jenkins-mingw32/workspace/avr-gcc-staging/label/Ubuntu14.04x64-mingw32/gcc-build/avr/avr5/libgcc/../../../../gcc/libgcc/config/avr/lib1funcs.S:1639
    17b2:	1a 2e       	mov	r1, r26
/home/jenkins-mingw32/workspace/avr-gcc-staging/label/Ubuntu14.04x64-mingw32/gcc-build/avr/avr5/libgcc/../../../../gcc/libgcc/config/avr/lib1funcs.S:1640
    17b4:	aa 1b       	sub	r26, r26
/home/jenkins-mingw32/workspace/avr-gcc-staging/label/Ubuntu14.04x64-mingw32/gcc-build/avr/avr5/libgcc/../../../../gcc/libgcc/config/avr/lib1funcs.S:1641
    17b6:	bb 1b       	sub	r27, r27
/home/jenkins-mingw32/workspace/avr-gcc-staging/label/Ubuntu14.04x64-mingw32/gcc-build/avr/avr5/libgcc/../../../../gcc/libgcc/config/avr/lib1funcs.S:1642
    17b8:	fd 01       	movw	r30, r26
/home/jenkins-mingw32/workspace/avr-gcc-staging/label/Ubuntu14.04x64-mingw32/gcc-build/avr/avr5/libgcc/../../../../gcc/libgcc/config/avr/lib1funcs.S:1644
    17ba:	0d c0       	rjmp	.+26     	; 0x17d6 <__udivmodsi4_ep>

000017bc <__udivmodsi4_loop>:
/home/jenkins-mingw32/workspace/avr-gcc-staging/label/Ubuntu14.04x64-mingw32/gcc-build/avr/avr5/libgcc/../../../../gcc/libgcc/config/avr/lib1funcs.S:1646
    17bc:	aa 1f       	adc	r26, r26
/home/jenkins-mingw32/workspace/avr-gcc-staging/label/Ubuntu14.04x64-mingw32/gcc-build/avr/avr5/libgcc/../../../../gcc/libgcc/config/avr/lib1funcs.S:1647
    17be:	bb 1f       	adc	r27, r27
/home/jenkins-mingw32/workspace/avr-gcc-staging/label/Ubuntu14.04x64-mingw32/gcc-build/avr/avr5/libgcc/../../../../gcc/libgcc/config/avr/lib1funcs.S:1648
    17c0:	ee 1f       	adc	r30, r30
/home/jenkins-mingw32/workspace/avr-gcc-staging/label/Ubuntu14.04x64-mingw32/gcc-build/avr/avr5/libgcc/../../../../gcc/libgcc/config/avr/lib1funcs.S:1649
    17c2:	ff 1f       	adc	r31, r31
/home/jenkins-mingw32/workspace/avr-gcc-staging/label/Ubuntu14.04x64-mingw32/gcc-build/avr/avr5/libgcc/../../../../gcc/libgcc/config/avr/lib1funcs.S:1650
    17c4:	a2 17       	cp	r26, r18
/home/jenkins-mingw32/workspace/avr-gcc-staging/label/Ubuntu14.04x64-mingw32/gcc-build/avr/avr5/libgcc/../../../../gcc/libgcc/config/avr/lib1funcs.S:1651
    17c6:	b3 07       	cpc	r27, r19
/home/jenkins-mingw32/workspace/avr-gcc-staging/label/Ubuntu14.04x64-mingw32/gcc-build/avr/avr5/libgcc/../../../../gcc/libgcc/config/avr/lib1funcs.S:1652
    17c8:	e4 07       	cpc	r30, r20
/home/jenkins-mingw32/workspace/avr-gcc-staging/label/Ubuntu14.04x64-mingw32/gcc-build/avr/avr5/libgcc/../../../../gcc/libgcc/config/avr/lib1funcs.S:1653
    17ca:	f5 07       	cpc	r31, r21
/home/jenkins-mingw32/workspace/avr-gcc-staging/label/Ubuntu14.04x64-mingw32/gcc-build/avr/avr5/libgcc/../../../../gcc/libgcc/config/avr/lib1funcs.S:1654
    17cc:	20 f0       	brcs	.+8      	; 0x17d6 <__udivmodsi4_ep>
/home/jenkins-mingw32/workspace/avr-gcc-staging/label/Ubuntu14.04x64-mingw32/gcc-build/avr/avr5/libgcc/../../../../gcc/libgcc/config/avr/lib1funcs.S:1655
    17ce:	a2 1b       	sub	r26, r18
/home/jenkins-mingw32/workspace/avr-gcc-staging/label/Ubuntu14.04x64-mingw32/gcc-build/avr/avr5/libgcc/../../../../gcc/libgcc/config/avr/lib1funcs.S:1656
    17d0:	b3 0b       	sbc	r27, r19
/home/jenkins-mingw32/workspace/avr-gcc-staging/label/Ubuntu14.04x64-mingw32/gcc-build/avr/avr5/libgcc/../../../../gcc/libgcc/config/avr/lib1funcs.S:1657
    17d2:	e4 0b       	sbc	r30, r20
/home/jenkins-mingw32/workspace/avr-gcc-staging/label/Ubuntu14.04x64-mingw32/gcc-build/avr/avr5/libgcc/../../../../gcc/libgcc/config/avr/lib1funcs.S:1658
    17d4:	f5 0b       	sbc	r31, r21

000017d6 <__udivmodsi4_ep>:
/home/jenkins-mingw32/workspace/avr-gcc-staging/label/Ubuntu14.04x64-mingw32/gcc-build/avr/avr5/libgcc/../../../../gcc/libgcc/config/avr/lib1funcs.S:1660
    17d6:	66 1f       	adc	r22, r22
/home/jenkins-mingw32/workspace/avr-gcc-staging/label/Ubuntu14.04x64-mingw32/gcc-build/avr/avr5/libgcc/../../../../gcc/libgcc/config/avr/lib1funcs.S:1661
    17d8:	77 1f       	adc	r23, r23
/home/jenkins-mingw32/workspace/avr-gcc-staging/label/Ubuntu14.04x64-mingw32/gcc-build/avr/avr5/libgcc/../../../../gcc/libgcc/config/avr/lib1funcs.S:1662
    17da:	88 1f       	adc	r24, r24
/home/jenkins-mingw32/workspace/avr-gcc-staging/label/Ubuntu14.04x64-mingw32/gcc-build/avr/avr5/libgcc/../../../../gcc/libgcc/config/avr/lib1funcs.S:1663
    17dc:	99 1f       	adc	r25, r25
/home/jenkins-mingw32/workspace/avr-gcc-staging/label/Ubuntu14.04x64-mingw32/gcc-build/avr/avr5/libgcc/../../../../gcc/libgcc/config/avr/lib1funcs.S:1664
    17de:	1a 94       	dec	r1
/home/jenkins-mingw32/workspace/avr-gcc-staging/label/Ubuntu14.04x64-mingw32/gcc-build/avr/avr5/libgcc/../../../../gcc/libgcc/config/avr/lib1funcs.S:1665
    17e0:	69 f7       	brne	.-38     	; 0x17bc <__udivmodsi4_loop>
/home/jenkins-mingw32/workspace/avr-gcc-staging/label/Ubuntu14.04x64-mingw32/gcc-build/avr/avr5/libgcc/../../../../gcc/libgcc/config/avr/lib1funcs.S:1667
    17e2:	60 95       	com	r22
/home/jenkins-mingw32/workspace/avr-gcc-staging/label/Ubuntu14.04x64-mingw32/gcc-build/avr/avr5/libgcc/../../../../gcc/libgcc/config/avr/lib1funcs.S:1668
    17e4:	70 95       	com	r23
/home/jenkins-mingw32/workspace/avr-gcc-staging/label/Ubuntu14.04x64-mingw32/gcc-build/avr/avr5/libgcc/../../../../gcc/libgcc/config/avr/lib1funcs.S:1669
    17e6:	80 95       	com	r24
/home/jenkins-mingw32/workspace/avr-gcc-staging/label/Ubuntu14.04x64-mingw32/gcc-build/avr/avr5/libgcc/../../../../gcc/libgcc/config/avr/lib1funcs.S:1670
    17e8:	90 95       	com	r25
/home/jenkins-mingw32/workspace/avr-gcc-staging/label/Ubuntu14.04x64-mingw32/gcc-build/avr/avr5/libgcc/../../../../gcc/libgcc/config/avr/lib1funcs.S:1672
    17ea:	9b 01       	movw	r18, r22
/home/jenkins-mingw32/workspace/avr-gcc-staging/label/Ubuntu14.04x64-mingw32/gcc-build/avr/avr5/libgcc/../../../../gcc/libgcc/config/avr/lib1funcs.S:1674
    17ec:	ac 01       	movw	r20, r24
/home/jenkins-mingw32/workspace/avr-gcc-staging/label/Ubuntu14.04x64-mingw32/gcc-build/avr/avr5/libgcc/../../../../gcc/libgcc/config/avr/lib1funcs.S:1676
    17ee:	bd 01       	movw	r22, r26
/home/jenkins-mingw32/workspace/avr-gcc-staging/label/Ubuntu14.04x64-mingw32/gcc-build/avr/avr5/libgcc/../../../../gcc/libgcc/config/avr/lib1funcs.S:1678
    17f0:	cf 01       	movw	r24, r30
/home/jenkins-mingw32/workspace/avr-gcc-staging/label/Ubuntu14.04x64-mingw32/gcc-build/avr/avr5/libgcc/../../../../gcc/libgcc/config/avr/lib1funcs.S:1680
    17f2:	08 95       	ret

000017f4 <__umulhisi3>:
__umulhisi3():
/home/jenkins-mingw32/workspace/avr-gcc-staging/label/Ubuntu14.04x64-mingw32/gcc-build/avr/avr5/libgcc/../../../../gcc/libgcc/config/avr/lib1funcs.S:564
    17f4:	a2 9f       	mul	r26, r18
/home/jenkins-mingw32/workspace/avr-gcc-staging/label/Ubuntu14.04x64-mingw32/gcc-build/avr/avr5/libgcc/../../../../gcc/libgcc/config/avr/lib1funcs.S:565
    17f6:	b0 01       	movw	r22, r0
/home/jenkins-mingw32/workspace/avr-gcc-staging/label/Ubuntu14.04x64-mingw32/gcc-build/avr/avr5/libgcc/../../../../gcc/libgcc/config/avr/lib1funcs.S:566
    17f8:	b3 9f       	mul	r27, r19
/home/jenkins-mingw32/workspace/avr-gcc-staging/label/Ubuntu14.04x64-mingw32/gcc-build/avr/avr5/libgcc/../../../../gcc/libgcc/config/avr/lib1funcs.S:567
    17fa:	c0 01       	movw	r24, r0
/home/jenkins-mingw32/workspace/avr-gcc-staging/label/Ubuntu14.04x64-mingw32/gcc-build/avr/avr5/libgcc/../../../../gcc/libgcc/config/avr/lib1funcs.S:568
    17fc:	a3 9f       	mul	r26, r19
/home/jenkins-mingw32/workspace/avr-gcc-staging/label/Ubuntu14.04x64-mingw32/gcc-build/avr/avr5/libgcc/../../../../gcc/libgcc/config/avr/lib1funcs.S:573
    17fe:	70 0d       	add	r23, r0
/home/jenkins-mingw32/workspace/avr-gcc-staging/label/Ubuntu14.04x64-mingw32/gcc-build/avr/avr5/libgcc/../../../../gcc/libgcc/config/avr/lib1funcs.S:574
    1800:	81 1d       	adc	r24, r1
/home/jenkins-mingw32/workspace/avr-gcc-staging/label/Ubuntu14.04x64-mingw32/gcc-build/avr/avr5/libgcc/../../../../gcc/libgcc/config/avr/lib1funcs.S:575
    1802:	11 24       	eor	r1, r1
/home/jenkins-mingw32/workspace/avr-gcc-staging/label/Ubuntu14.04x64-mingw32/gcc-build/avr/avr5/libgcc/../../../../gcc/libgcc/config/avr/lib1funcs.S:576
    1804:	91 1d       	adc	r25, r1
/home/jenkins-mingw32/workspace/avr-gcc-staging/label/Ubuntu14.04x64-mingw32/gcc-build/avr/avr5/libgcc/../../../../gcc/libgcc/config/avr/lib1funcs.S:580
    1806:	b2 9f       	mul	r27, r18
/home/jenkins-mingw32/workspace/avr-gcc-staging/label/Ubuntu14.04x64-mingw32/gcc-build/avr/avr5/libgcc/../../../../gcc/libgcc/config/avr/lib1funcs.S:581
    1808:	70 0d       	add	r23, r0
/home/jenkins-mingw32/workspace/avr-gcc-staging/label/Ubuntu14.04x64-mingw32/gcc-build/avr/avr5/libgcc/../../../../gcc/libgcc/config/avr/lib1funcs.S:582
    180a:	81 1d       	adc	r24, r1
/home/jenkins-mingw32/workspace/avr-gcc-staging/label/Ubuntu14.04x64-mingw32/gcc-build/avr/avr5/libgcc/../../../../gcc/libgcc/config/avr/lib1funcs.S:583
    180c:	11 24       	eor	r1, r1
/home/jenkins-mingw32/workspace/avr-gcc-staging/label/Ubuntu14.04x64-mingw32/gcc-build/avr/avr5/libgcc/../../../../gcc/libgcc/config/avr/lib1funcs.S:584
    180e:	91 1d       	adc	r25, r1
/home/jenkins-mingw32/workspace/avr-gcc-staging/label/Ubuntu14.04x64-mingw32/gcc-build/avr/avr5/libgcc/../../../../gcc/libgcc/config/avr/lib1funcs.S:585
    1810:	08 95       	ret

00001812 <__tablejump2__>:
__tablejump2__():
/home/jenkins-mingw32/workspace/avr-gcc-staging/label/Ubuntu14.04x64-mingw32/gcc-build/avr/avr5/libgcc/../../../../gcc/libgcc/config/avr/lib1funcs.S:2296
    1812:	ee 0f       	add	r30, r30
/home/jenkins-mingw32/workspace/avr-gcc-staging/label/Ubuntu14.04x64-mingw32/gcc-build/avr/avr5/libgcc/../../../../gcc/libgcc/config/avr/lib1funcs.S:2297
    1814:	ff 1f       	adc	r31, r31
/home/jenkins-mingw32/workspace/avr-gcc-staging/label/Ubuntu14.04x64-mingw32/gcc-build/avr/avr5/libgcc/../../../../gcc/libgcc/config/avr/lib1funcs.S:2328
    1816:	05 90       	lpm	r0, Z+
/home/jenkins-mingw32/workspace/avr-gcc-staging/label/Ubuntu14.04x64-mingw32/gcc-build/avr/avr5/libgcc/../../../../gcc/libgcc/config/avr/lib1funcs.S:2329
    1818:	f4 91       	lpm	r31, Z
/home/jenkins-mingw32/workspace/avr-gcc-staging/label/Ubuntu14.04x64-mingw32/gcc-build/avr/avr5/libgcc/../../../../gcc/libgcc/config/avr/lib1funcs.S:2330
    181a:	e0 2d       	mov	r30, r0
/home/jenkins-mingw32/workspace/avr-gcc-staging/label/Ubuntu14.04x64-mingw32/gcc-build/avr/avr5/libgcc/../../../../gcc/libgcc/config/avr/lib1funcs.S:2331
    181c:	09 94       	ijmp

0000181e <memcpy>:
memcpy():
    181e:	fb 01       	movw	r30, r22
    1820:	dc 01       	movw	r26, r24
    1822:	02 c0       	rjmp	.+4      	; 0x1828 <memcpy+0xa>
    1824:	01 90       	ld	r0, Z+
    1826:	0d 92       	st	X+, r0
    1828:	41 50       	subi	r20, 0x01	; 1
    182a:	50 40       	sbci	r21, 0x00	; 0
    182c:	d8 f7       	brcc	.-10     	; 0x1824 <memcpy+0x6>
    182e:	08 95       	ret

00001830 <_exit>:
exit():
/home/jenkins-mingw32/workspace/avr-gcc-staging/label/Ubuntu14.04x64-mingw32/gcc-build/avr/avr5/libgcc/../../../../gcc/libgcc/config/avr/lib1funcs.S:2278
    1830:	f8 94       	cli

00001832 <__stop_program>:
__stop_program():
/home/jenkins-mingw32/workspace/avr-gcc-staging/label/Ubuntu14.04x64-mingw32/gcc-build/avr/avr5/libgcc/../../../../gcc/libgcc/config/avr/lib1funcs.S:2280
    1832:	ff cf       	rjmp	.-2      	; 0x1832 <__stop_program>
